"peptide","gene","mutation","n_patients","n_predictions","patients_list","mean_affinity","best_affinity","hla_alleles","sharing_category"
"YSFGVTCVK","EGFR","p.A289V",9,9,"TCGA-06-0747;TCGA-32-1970;TCGA-14-0786;TCGA-14-0790;TCGA-06-0157;TCGA-06-5856",0.56,0.556,"HLA-A*03:01","Common (6-10)"
"KYSFGVTCV","EGFR","p.A289V",9,9,"TCGA-06-0747;TCGA-32-1970;TCGA-14-0786;TCGA-14-0790;TCGA-06-0157;TCGA-06-5856",0.6,0.605,"HLA-A*24:02","Common (6-10)"
"VVMGENNTL","EGFR","p.G598V",5,15,"TCGA-06-0125;TCGA-76-4931;TCGA-32-1982",4.22,3,"HLA-B*07:02;HLA-A*02:01;HLA-C*07:01","Shared (4-5)"
"SQRCYVYYY","PTEN","p.R173C",3,3,"TCGA-27-2519;TCGA-06-1800",0.19,0.186,"HLA-C*07:01","Rare (2-3)"
"CYVYYYSYL","PTEN","p.R173C",3,3,"TCGA-27-2519;TCGA-06-1800",0.21,0.209,"HLA-A*24:02","Rare (2-3)"
"PSQRCYVYY","PTEN","p.R173C",3,3,"TCGA-27-2519;TCGA-06-1800",0.25,0.251,"HLA-A*01:01","Rare (2-3)"
"VTIPSQRCY","PTEN","p.R173C",3,6,"TCGA-27-2519;TCGA-06-1800",1.08,0.617,"HLA-A*01:01;HLA-C*07:01","Rare (2-3)"
"QIIKGNMYY","EGFR","p.R108K",3,9,"TCGA-27-1831;TCGA-06-2565",1.53,0.976,"HLA-A*03:01;HLA-A*01:01;HLA-C*07:01","Rare (2-3)"
"NQRPILTII","TP53","p.R248Q",3,3,"TCGA-02-2485;TCGA-27-1830;TCGA-06-0210",2.68,2.68,"HLA-B*08:01","Rare (2-3)"
"DPCPPLMLY","EGFR","p.T263P",3,3,"TCGA-16-1045;TCGA-12-0670",5.34,5.336,"HLA-A*01:01","Rare (2-3)"
"LQIIKGNMY","EGFR","p.R108K",3,3,"TCGA-27-1831;TCGA-06-2565",6.79,6.791,"HLA-A*01:01","Rare (2-3)"
"FRHSMVVPY","TP53","p.V216M",2,4,"TCGA-02-0055;TCGA-27-1835",0.01,0.008,"HLA-C*07:02;HLA-C*07:01","Rare (2-3)"
"CTYSPAFNK","TP53","p.L130F",2,2,"TCGA-19-1390",0.02,0.019,"HLA-A*03:01","Rare (2-3)"
"CTYYPALNK","TP53","p.S127Y",2,2,"TCGA-02-2485",0.02,0.016,"HLA-A*03:01","Rare (2-3)"
"LLGPNSFEV","TP53","p.R267P",2,2,"TCGA-32-1970",0.03,0.026,"HLA-A*02:01","Rare (2-3)"
"MIYAYLLHR","PTEN","p.C136Y",2,2,"TCGA-27-2526",0.05,0.052,"HLA-A*03:01","Rare (2-3)"
"CTGPGLEGY","EGFR","p.C636Y",2,2,"TCGA-15-0742",0.11,0.107,"HLA-A*01:01","Rare (2-3)"
"CSDSDGLAL","TP53","p.P190L",2,2,"TCGA-06-2559",0.12,0.117,"HLA-A*01:01","Rare (2-3)"
"TYSPAFNKM","TP53","p.L130F",2,6,"TCGA-19-1390",0.14,0.04,"HLA-C*07:02;HLA-A*24:02;HLA-C*07:01","Rare (2-3)"
"TYYPALNKM","TP53","p.S127Y",2,6,"TCGA-02-2485",0.15,0.038,"HLA-C*07:02;HLA-C*07:01;HLA-A*24:02","Rare (2-3)"
"NYMCNSSYM","TP53","p.C242Y",2,4,"TCGA-28-2509",0.16,0.065,"HLA-C*07:02;HLA-A*24:02","Rare (2-3)"
"YYPALNKMF","TP53","p.S127Y",2,6,"TCGA-02-2485",0.17,0.02,"HLA-C*07:02;HLA-A*24:02;HLA-C*07:01","Rare (2-3)"
"NRVRAMAIY","TP53","p.T155N",2,4,"TCGA-06-2559",0.19,0.167,"HLA-C*07:02;HLA-C*07:01","Rare (2-3)"
"VRGNLEITY","EGFR","p.L62R",2,4,"TCGA-32-2632",0.19,0.141,"HLA-C*07:02;HLA-C*07:01","Rare (2-3)"
"GNRVRAMAI","TP53","p.T155N",2,2,"TCGA-06-2559",0.2,0.203,"HLA-B*08:01","Rare (2-3)"
"IFHFWVNTF","PTEN","p.M270I",2,6,"TCGA-06-0875",0.28,0.027,"HLA-A*24:02;HLA-C*07:02;HLA-C*07:01","Rare (2-3)"
"FMYFEFPQL","PTEN","p.P246L",2,6,"TCGA-06-0875",0.37,0.029,"HLA-A*02:01;HLA-C*07:02;HLA-B*08:01","Rare (2-3)"
"KFNCRFAQY","PTEN","p.V85F",2,4,"TCGA-16-0846",0.38,0.288,"HLA-C*07:01;HLA-C*07:02","Rare (2-3)"
"SSYMGGMNR","TP53","p.C242Y",2,2,"TCGA-28-2509",0.49,0.488,"HLA-A*03:01","Rare (2-3)"
"KGRTGVMIY","PTEN","p.C136Y",2,2,"TCGA-27-2526",0.53,0.532,"HLA-C*07:01","Rare (2-3)"
"DRNTFRHSM","TP53","p.V216M",2,6,"TCGA-02-0055;TCGA-27-1835",0.57,0.386,"HLA-C*07:01;HLA-C*07:02;HLA-B*08:01","Rare (2-3)"
"NTFRHSMVV","TP53","p.V216M",2,2,"TCGA-02-0055;TCGA-27-1835",0.69,0.688,"HLA-B*08:01","Rare (2-3)"
"NRRPILTSI","TP53","p.I254S",2,6,"TCGA-32-2634",0.83,0.411,"HLA-C*07:01;HLA-C*07:02;HLA-B*08:01","Rare (2-3)"
"YAYLLHRGK","PTEN","p.C136Y",2,2,"TCGA-27-2526",0.86,0.863,"HLA-A*03:01","Rare (2-3)"
"VMIYAYLLH","PTEN","p.C136Y",2,2,"TCGA-27-2526",0.9,0.899,"HLA-A*03:01","Rare (2-3)"
"NWRPILTII","TP53","p.R248W",2,2,"TCGA-06-0876;TCGA-12-3644",0.91,0.906,"HLA-A*24:02","Rare (2-3)"
"AFNKMFCQL","TP53","p.L130F",2,2,"TCGA-19-1390",0.93,0.928,"HLA-A*24:02","Rare (2-3)"
"RTGVMIYAY","PTEN","p.C136Y",2,4,"TCGA-27-2526",1,0.177,"HLA-A*01:01;HLA-A*03:01","Rare (2-3)"
"YSPAFNKMF","TP53","p.L130F",2,6,"TCGA-19-1390",1.16,0.795,"HLA-C*07:02;HLA-A*24:02;HLA-C*07:01","Rare (2-3)"
"ELIKPFCEY","PTEN","p.D107Y",2,2,"TCGA-32-2634",1.26,1.258,"HLA-A*01:01","Rare (2-3)"
"MYFEFPQLL","PTEN","p.P246L",2,8,"TCGA-06-0875",1.45,0.008,"HLA-C*07:02;HLA-C*07:01;HLA-A*24:02;HLA-B*08:01","Rare (2-3)"
"RPILTSITL","TP53","p.I254S",2,6,"TCGA-32-2634",1.65,0.029,"HLA-B*07:02;HLA-B*08:01;HLA-C*07:01","Rare (2-3)"
"LKKDKIFHF","PTEN","p.M270I",2,6,"TCGA-06-0875",1.97,1.408,"HLA-C*07:02;HLA-C*07:01;HLA-B*08:01","Rare (2-3)"
"LIKPFCEYL","PTEN","p.D107Y",2,2,"TCGA-32-2634",2.05,2.05,"HLA-B*08:01","Rare (2-3)"
"GYPTNGPKI","EGFR","p.C636Y",2,4,"TCGA-15-0742",2.13,0.693,"HLA-A*24:02;HLA-C*07:02","Rare (2-3)"
"ALPQHLIRV","TP53","p.P190L",2,4,"TCGA-06-2559",2.19,0.326,"HLA-A*02:01;HLA-A*24:02","Rare (2-3)"
"PFCEYLDQW","PTEN","p.D107Y",2,2,"TCGA-32-2634",2.34,2.341,"HLA-A*24:02","Rare (2-3)"
"LEGVHRNNI","PTEN","p.Y46H",2,2,"TCGA-06-0876",2.37,2.374,"HLA-B*44:02","Rare (2-3)"
"PPGNRVRAM","TP53","p.T155N",2,4,"TCGA-06-2559",2.43,1.281,"HLA-B*07:02;HLA-B*08:01","Rare (2-3)"
"HRNNIDDVV","PTEN","p.Y46H",2,4,"TCGA-06-0876",2.46,2.429,"HLA-C*07:01;HLA-C*07:02","Rare (2-3)"
"NKMLKKDKI","PTEN","p.M270I",2,2,"TCGA-06-0875",2.48,2.475,"HLA-B*08:01","Rare (2-3)"
"GLALPQHLI","TP53","p.P190L",2,2,"TCGA-06-2559",2.52,2.522,"HLA-A*02:01","Rare (2-3)"
"GPNSFEVRV","TP53","p.R267P",2,2,"TCGA-32-1970",2.73,2.729,"HLA-B*07:02","Rare (2-3)"
"KMLKKDKIF","PTEN","p.M270I",2,4,"TCGA-06-0875",2.92,2.752,"HLA-A*24:02;HLA-B*08:01","Rare (2-3)"
"HRRTEEENL","TP53","p.D281H",2,4,"TCGA-06-2558",2.99,2.926,"HLA-C*07:02;HLA-C*07:01","Rare (2-3)"
"EVVRRCPHY","TP53","p.H179Y",2,2,"TCGA-16-0846",3.16,3.161,"HLA-A*01:01","Rare (2-3)"
"KKDKIFHFW","PTEN","p.M270I",2,8,"TCGA-06-0875",4.4,2.904,"HLA-B*44:02;HLA-A*24:02;HLA-C*07:01;HLA-C*07:02","Rare (2-3)"
"DGLALPQHL","TP53","p.P190L",2,2,"TCGA-06-2559",10.54,10.543,"HLA-B*08:01","Rare (2-3)"
"DGMNRRPIL","TP53","p.G244D",1,1,"TCGA-14-1795",0.04,0.043,"HLA-B*08:01","Private (1)"
"SPGTRVRAM","TP53","p.P152S",1,2,"TCGA-76-4929",0.06,0.023,"HLA-B*07:02;HLA-B*08:01","Private (1)"
"RVPAMAIYK","TP53","p.R158P",1,1,"TCGA-12-0773",0.08,0.078,"HLA-A*03:01","Private (1)"
"TRVPAMAIY","TP53","p.R158P",1,2,"TCGA-12-0773",0.09,0.061,"HLA-C*07:02;HLA-C*07:01","Private (1)"
"VLFNYDANK","EGFR","p.S123F",1,1,"TCGA-14-1827",0.1,0.105,"HLA-A*03:01","Private (1)"
"KMMFETILM","PTEN","p.P204L",1,1,"TCGA-06-5418",0.11,0.11,"HLA-A*02:01","Private (1)"
"QTGVMICAY","PTEN","p.R130Q",1,1,"TCGA-41-3915",0.14,0.138,"HLA-A*01:01","Private (1)"
"NRMPILTII","TP53","p.R249M",1,2,"TCGA-28-5216",0.15,0.123,"HLA-C*07:01;HLA-C*07:02","Private (1)"
"MFHFWVNIF","PTEN","p.T277I",1,1,"TCGA-27-1837",0.16,0.158,"HLA-A*24:02","Private (1)"
"MFHFWVSTF","PTEN","p.N276S",1,3,"TCGA-27-1834",0.17,0.035,"HLA-A*24:02;HLA-C*07:02;HLA-C*07:01","Private (1)"
"GTGVMICAY","PTEN","p.R130G",1,1,"TCGA-06-0210",0.21,0.209,"HLA-A*01:01","Private (1)"
"RAYLLHRGK","PTEN","p.C136R",1,1,"TCGA-06-0155",0.24,0.239,"HLA-A*03:01","Private (1)"
"GVMIRAYLL","PTEN","p.C136R",1,1,"TCGA-06-0155",0.25,0.253,"HLA-B*08:01","Private (1)"
"KMFHFWVNI","PTEN","p.T277I",1,2,"TCGA-27-1837",0.25,0.086,"HLA-A*02:01;HLA-A*24:02","Private (1)"
"KIYNHCAER","PTEN","p.L70H",1,1,"TCGA-19-2625",0.27,0.272,"HLA-A*03:01","Private (1)"
"NYMFNSSCM","TP53","p.C238F",1,2,"TCGA-06-6694",0.28,0.169,"HLA-C*07:02;HLA-A*24:02","Private (1)"
"MIRAYLLHR","PTEN","p.C136R",1,1,"TCGA-06-0155",0.29,0.292,"HLA-A*03:01","Private (1)"
"FHFWVSTFF","PTEN","p.N276S",1,3,"TCGA-27-1834",0.31,0.047,"HLA-C*07:02;HLA-C*07:01;HLA-A*24:02","Private (1)"
"TYSPALNNM","TP53","p.K132N",1,3,"TCGA-26-5136",0.35,0.139,"HLA-C*07:02;HLA-A*24:02;HLA-C*07:01","Private (1)"
"YQRSYGFRL","TP53","p.G105R",1,3,"TCGA-14-1034",0.36,0.254,"HLA-C*07:01;HLA-C*07:02;HLA-B*08:01","Private (1)"
"MMFETILMF","PTEN","p.P204L",1,4,"TCGA-06-5418",0.38,0.206,"HLA-A*24:02;HLA-C*07:01;HLA-C*07:02;HLA-A*02:01","Private (1)"
"IRGRECFEM","TP53","p.R337C",1,2,"TCGA-14-1034",0.42,0.358,"HLA-C*07:02;HLA-C*07:01","Private (1)"
"NYMYNSSCM","TP53","p.C238Y",1,2,"TCGA-12-0618",0.42,0.194,"HLA-C*07:02;HLA-A*24:02","Private (1)"
"NRTPILTII","TP53","p.R249T",1,2,"TCGA-76-4925",0.5,0.474,"HLA-C*07:02;HLA-C*07:01","Private (1)"
"HFWVSTFFI","PTEN","p.N276S",1,1,"TCGA-27-1834",0.52,0.519,"HLA-A*24:02","Private (1)"
"MPILTIITL","TP53","p.R249M",1,2,"TCGA-28-5216",0.54,0.214,"HLA-B*07:02;HLA-B*08:01","Private (1)"
"YSFGTTCVK","EGFR","p.A289T",1,1,"TCGA-06-0749",0.56,0.56,"HLA-A*03:01","Private (1)"
"ALNNMFCQL","TP53","p.K132N",1,1,"TCGA-26-5136",0.6,0.6,"HLA-A*02:01","Private (1)"
"RSYGFRLGF","TP53","p.G105R",1,4,"TCGA-14-1034",0.61,0.02,"HLA-C*07:01;HLA-C*07:02;HLA-A*24:02;HLA-A*03:01","Private (1)"
"KYSFGTTCV","EGFR","p.A289T",1,1,"TCGA-06-0749",0.62,0.621,"HLA-A*24:02","Private (1)"
"RTDVMICAY","PTEN","p.G132D",1,2,"TCGA-06-0187",0.63,0.008,"HLA-A*01:01;HLA-C*07:01","Private (1)"
"VMIRAYLLH","PTEN","p.C136R",1,1,"TCGA-06-0155",0.64,0.639,"HLA-A*03:01","Private (1)"
"DAGHVCHLY","EGFR","p.C620Y",1,1,"TCGA-02-0003",0.65,0.649,"HLA-A*01:01","Private (1)"
"GNLLRRNSF","TP53","p.G266R",1,1,"TCGA-06-0195",0.65,0.652,"HLA-B*08:01","Private (1)"
"GGMNRTPIL","TP53","p.R249T",1,1,"TCGA-76-4925",0.67,0.671,"HLA-B*08:01","Private (1)"
"MNRMPILTI","TP53","p.R249M",1,1,"TCGA-28-5216",0.7,0.704,"HLA-B*08:01","Private (1)"
"RRNSFEVRV","TP53","p.G266R",1,2,"TCGA-06-0195",0.73,0.313,"HLA-C*07:01;HLA-C*07:02","Private (1)"
"HFWVNIFFI","PTEN","p.T277I",1,1,"TCGA-27-1837",0.74,0.735,"HLA-A*24:02","Private (1)"
"FHFWVNIFF","PTEN","p.T277I",1,3,"TCGA-27-1837",0.76,0.196,"HLA-C*07:02;HLA-C*07:01;HLA-A*24:02","Private (1)"
"PAERVEGVY","PTEN","p.L42V",1,1,"TCGA-28-5216",0.76,0.757,"HLA-A*01:01","Private (1)"
"GGMNRMPIL","TP53","p.R249M",1,1,"TCGA-28-5216",0.84,0.843,"HLA-B*08:01","Private (1)"
"PAERLEDVY","PTEN","p.G44D",1,1,"TCGA-06-1804",0.88,0.875,"HLA-A*01:01","Private (1)"
"NSYALAVLF","EGFR","p.S123F",1,3,"TCGA-14-1827",0.94,0.556,"HLA-C*07:01;HLA-A*24:02;HLA-C*07:02","Private (1)"
"TTIHYNYMF","TP53","p.C238F",1,2,"TCGA-06-6694",0.98,0.607,"HLA-A*24:02;HLA-C*07:01","Private (1)"
"TTIHYNYMY","TP53","p.C238Y",1,3,"TCGA-12-0618",1,0.067,"HLA-A*01:01;HLA-C*07:01;HLA-C*07:02","Private (1)"
"HLYHPNCTY","EGFR","p.C620Y",1,3,"TCGA-02-0003",1.02,0.816,"HLA-A*03:01;HLA-C*07:01;HLA-A*01:01","Private (1)"
"TYGFTGPGL","EGFR","p.C628F",1,2,"TCGA-26-5139",1.05,0.844,"HLA-A*24:02;HLA-C*07:02","Private (1)"
"YALAVLFNY","EGFR","p.S123F",1,3,"TCGA-14-1827",1.05,0.492,"HLA-A*01:01;HLA-C*07:01;HLA-C*07:02","Private (1)"
"EVNLRVEYL","TP53","p.G199V",1,1,"TCGA-06-0152",1.07,1.068,"HLA-B*08:01","Private (1)"
"AAIYCKAGK","PTEN","p.H123Y",1,1,"TCGA-14-0813",1.11,1.112,"HLA-A*03:01","Private (1)"
"IRVEVNLRV","TP53","p.G199V",1,2,"TCGA-06-0152",1.11,1.103,"HLA-C*07:01;HLA-C*07:02","Private (1)"
"AGKERTGVM","PTEN","p.G129E",1,2,"TCGA-32-5222",1.14,0.464,"HLA-B*08:01;HLA-B*07:02","Private (1)"
"RTGVMIRAY","PTEN","p.C136R",1,3,"TCGA-06-0155",1.15,0.757,"HLA-A*01:01;HLA-C*07:01;HLA-A*03:01","Private (1)"
"FPAERVEGV","PTEN","p.L42V",1,2,"TCGA-28-5216",1.19,0.908,"HLA-B*07:02;HLA-B*08:01","Private (1)"
"AGKGRAGVM","PTEN","p.T131A",1,1,"TCGA-02-0055",1.21,1.211,"HLA-B*08:01","Private (1)"
"YSPALNNMF","TP53","p.K132N",1,4,"TCGA-26-5136",1.27,0.853,"HLA-A*24:02;HLA-C*07:02;HLA-A*01:01;HLA-C*07:01","Private (1)"
"FPAERLEDV","PTEN","p.G44D",1,2,"TCGA-06-1804",1.32,1.075,"HLA-B*07:02;HLA-B*08:01","Private (1)"
"SQKTYQRSY","TP53","p.G105R",1,3,"TCGA-14-1034",1.32,0.655,"HLA-C*07:01;HLA-C*07:02;HLA-B*44:02","Private (1)"
"AGKGGTGVM","PTEN","p.R130G",1,1,"TCGA-06-0210",1.33,1.328,"HLA-B*07:02","Private (1)"
"GTRVPAMAI","TP53","p.R158P",1,1,"TCGA-12-0773",1.33,1.33,"HLA-B*07:02","Private (1)"
"ITDFGLAKQ","EGFR","p.L861Q",1,1,"TCGA-12-0657",1.38,1.377,"HLA-A*01:01","Private (1)"
"KTYQRSYGF","TP53","p.G105R",1,5,"TCGA-14-1034",1.4,0.148,"HLA-C*07:01;HLA-A*24:02;HLA-C*07:02;HLA-A*03:01;HLA-B*08:01","Private (1)"
"YPNIIAMEF","PTEN","p.G36E",1,5,"TCGA-06-0184",1.5,0.319,"HLA-B*07:02;HLA-C*07:01;HLA-C*07:02;HLA-B*08:01;HLA-A*24:02","Private (1)"
"VEGVYRNNI","PTEN","p.L42V",1,1,"TCGA-28-5216",1.65,1.65,"HLA-B*44:02","Private (1)"
"MNRTPILTI","TP53","p.R249T",1,1,"TCGA-76-4925",1.68,1.68,"HLA-B*08:01","Private (1)"
"GPKIPCIAT","EGFR","p.S645C",1,1,"TCGA-12-0829",1.77,1.773,"HLA-B*07:02","Private (1)"
"ALDFYGEVK","PTEN","p.R159K",1,2,"TCGA-06-0195",2.11,1.583,"HLA-A*03:01;HLA-A*01:01","Private (1)"
"LIKPFCEHL","PTEN","p.D107H",1,1,"TCGA-06-0216",2.11,2.109,"HLA-B*08:01","Private (1)"
"SVDNPHMCR","EGFR","p.V774M",1,2,"TCGA-12-1600",2.16,1.961,"HLA-A*03:01;HLA-A*01:01","Private (1)"
"AGKGQTGVM","PTEN","p.R130Q",1,1,"TCGA-41-3915",2.24,2.239,"HLA-B*07:02","Private (1)"
"AMGFPAERV","PTEN","p.L42V",1,1,"TCGA-28-5216",2.24,2.242,"HLA-A*02:01","Private (1)"
"LEDVYRNNI","PTEN","p.G44D",1,1,"TCGA-06-1804",2.25,2.248,"HLA-B*44:02","Private (1)"
"VVPCEPPEV","TP53","p.Y220C",1,1,"TCGA-06-1087",2.25,2.246,"HLA-A*02:01","Private (1)"
"AGKGRTDVM","PTEN","p.G132D",1,2,"TCGA-06-0187",2.31,1.572,"HLA-B*08:01;HLA-B*07:02","Private (1)"
"TPILTIITL","TP53","p.R249T",1,2,"TCGA-76-4925",2.32,0.425,"HLA-B*07:02;HLA-B*08:01","Private (1)"
"PFCEHLDQW","PTEN","p.D107H",1,1,"TCGA-06-0216",2.49,2.487,"HLA-A*24:02","Private (1)"
"PPGTRVPAM","TP53","p.R158P",1,2,"TCGA-12-0773",2.79,1.621,"HLA-B*07:02;HLA-B*08:01","Private (1)"
"APPQRLIRV","TP53","p.H193R",1,2,"TCGA-12-0691",2.96,1.054,"HLA-B*07:02;HLA-B*08:01","Private (1)"
"IAMEFPAER","PTEN","p.G36E",1,3,"TCGA-06-0184",3.49,3.162,"HLA-C*07:02;HLA-A*03:01;HLA-C*07:01","Private (1)"
"DDNHVAAIY","PTEN","p.H123Y",1,2,"TCGA-14-0813",3.56,3.216,"HLA-B*44:02;HLA-A*01:01","Private (1)"
"HLIRVEVNL","TP53","p.G199V",1,2,"TCGA-06-0152",3.57,1.47,"HLA-A*02:01;HLA-B*08:01","Private (1)"
"TDFGLAKQL","EGFR","p.L861Q",1,1,"TCGA-12-0657",3.65,3.648,"HLA-B*44:02","Private (1)"
"RLIRVEGNL","TP53","p.H193R",1,1,"TCGA-12-0691",3.92,3.917,"HLA-A*02:01","Private (1)"
"FEEHNPPQL","PTEN","p.D92E",1,1,"TCGA-06-0190",4.23,4.232,"HLA-B*44:02","Private (1)"
"PFCEDLNQW","PTEN","p.D109N",1,1,"TCGA-14-1034",4.25,4.253,"HLA-A*24:02","Private (1)"
"QLGAEEKEY","EGFR","p.L861Q",1,1,"TCGA-12-0657",4.72,4.723,"HLA-A*01:01","Private (1)"
"VEVNLRVEY","TP53","p.G199V",1,4,"TCGA-06-0152",5.22,0.237,"HLA-B*44:02;HLA-C*07:02;HLA-C*07:01;HLA-A*01:01","Private (1)"
"GLAPPQRLI","TP53","p.H193R",1,1,"TCGA-12-0691",5.29,5.291,"HLA-A*02:01","Private (1)"
"AMEFPAERL","PTEN","p.G36E",1,1,"TCGA-06-0184",5.75,5.749,"HLA-A*02:01","Private (1)"
"AIYEQSQHM","TP53","p.K164E",1,4,"TCGA-12-0619",5.81,2.897,"HLA-C*07:02;HLA-C*07:01;HLA-A*02:01;HLA-B*08:01","Private (1)"
"EHNPPQLEL","PTEN","p.D92E",1,3,"TCGA-06-0190",11.2,1.314,"HLA-C*07:02;HLA-C*07:01;HLA-B*08:01","Private (1)"
"DGLAPPQRL","TP53","p.H193R",1,1,"TCGA-12-0691",24.5,24.502,"HLA-B*08:01","Private (1)"
