"Hugo_Symbol","Chromosome","Start_Position","End_Position","Variant_Classification","Variant_Type","Reference_Allele","Tumor_Seq_Allele2","HGVSp_Short","Tumor_Sample_Barcode","patient_id","t_depth","t_alt_count","VAF","clonality","wt_aa","mt_aa","position"
"PTEN","chr10",87933148,87933148,"Missense_Mutation","SNP","G","A","p.R130Q","TCGA-41-3915-01A-01D-1353-08","TCGA-41-3915",192,135,0.703125,"Clonal","R","Q",130
"PTEN","chr10",87958005,87958005,"Nonsense_Mutation","SNP","A","T","p.K263*","TCGA-12-1089-01A-01W-0611-08","TCGA-12-1089",114,67,0.587719298245614,"Clonal","K","*",263
"EGFR","chr7",55154129,55154129,"Missense_Mutation","SNP","C","A","p.A289D","TCGA-02-2485-01A-01D-1494-08","TCGA-02-2485",1622,1518,0.935881627620222,"Clonal","A","D",289
"TP53","chr17",7675232,7675232,"Missense_Mutation","SNP","G","T","p.S127Y","TCGA-02-2485-01A-01D-1494-08","TCGA-02-2485",44,21,0.477272727272727,"Clonal","S","Y",127
"PTEN","chr10",87931089,87931089,"Missense_Mutation","SNP","G","T","p.V85F","TCGA-16-0846-01A-01W-0424-08","TCGA-16-0846",133,92,0.691729323308271,"Clonal","V","F",85
"TP53","chr17",7675077,7675077,"Missense_Mutation","SNP","G","A","p.H179Y","TCGA-16-0846-01A-01W-0424-08","TCGA-16-0846",234,147,0.628205128205128,"Clonal","H","Y",179
"TP53","chr17",7675216,7675216,"Missense_Mutation","SNP","C","A","p.K132N","TCGA-26-5136-01B-01D-1486-08","TCGA-26-5136",74,58,0.783783783783784,"Clonal","K","N",132
"EGFR","chr7",55143331,55143331,"Silent","SNP","C","T","p.V89=","TCGA-14-1827-01A-01W-0643-08","TCGA-14-1827",6447,6292,0.975957809834031,"Clonal",NA,NA,NA
"EGFR","chr7",55143432,55143432,"Missense_Mutation","SNP","C","T","p.S123F","TCGA-14-1827-01A-01W-0643-08","TCGA-14-1827",3260,3172,0.973006134969325,"Clonal","S","F",123
"TP53","chr17",7675138,7675149,"In_Frame_Del","DEL","GCGGACGCGGGT","-","p.T155_R158del","TCGA-06-2569-01A-01W-0837-08","TCGA-06-2569",192,156,0.8125,"Clonal",NA,NA,NA
"PTEN","chr10",87957915,87957915,"Nonsense_Mutation","SNP","C","T","p.R233*","TCGA-41-2571-01A-01W-0922-08","TCGA-41-2571",221,137,0.619909502262443,"Clonal","R","*",233
"TP53","chr17",7673717,7673718,"Frame_Shift_Ins","INS","-","G","p.G302Rfs*4","TCGA-14-0871-01A-01W-0424-08","TCGA-14-0871",511,284,0.555772994129158,"Clonal","G","fs",3024
"TP53","chr17",7673717,7673718,"Frame_Shift_Ins","INS","-","G","p.G302Rfs*4","TCGA-14-0871-01A-01D-1492-08","TCGA-14-0871",143,96,0.671328671328671,"Clonal","G","fs",3024
"TP53","chr17",7674232,7674232,"Missense_Mutation","SNP","C","T","p.G244D","TCGA-14-1795-01A-01W-0643-08","TCGA-14-1795",417,232,0.556354916067146,"Clonal","G","D",244
"EGFR","chr7",55152581,55152581,"Missense_Mutation","SNP","C","T","p.R222C","TCGA-76-4927-01A-01D-1486-08","TCGA-76-4927",4788,2459,0.513575605680869,"Clonal","R","C",222
"PTEN","chr10",87933147,87933147,"Nonsense_Mutation","SNP","C","T","p.R130*","TCGA-27-2524-01A-01D-1494-08","TCGA-27-2524",133,75,0.56390977443609,"Clonal","R","*",130
"TP53","chr17",7674238,7674238,"Missense_Mutation","SNP","C","T","p.C242Y","TCGA-28-2509-01A-01W-0837-08","TCGA-28-2509",355,293,0.825352112676056,"Clonal","C","Y",242
"PTEN","chr10",87933053,87933053,"Frame_Shift_Del","DEL","A","-","p.E99Nfs*14","TCGA-19-5959-01A-11D-1696-08","TCGA-19-5959",78,44,0.564102564102564,"Clonal","E","fs",9914
"EGFR","chr7",55154129,55154129,"Missense_Mutation","SNP","C","T","p.A289V","TCGA-06-0747-01A-01D-1492-08","TCGA-06-0747",3260,3132,0.960736196319018,"Clonal","A","V",289
"EGFR","chr7",55154130,55154130,"Silent","SNP","C","T","p.A289=","TCGA-06-0747-01A-01D-1492-08","TCGA-06-0747",3264,3139,0.961703431372549,"Clonal",NA,NA,NA
"EGFR","chr7",55154129,55154129,"Missense_Mutation","SNP","C","T","p.A289V","TCGA-06-0747-01A-01W-0348-08","TCGA-06-0747",3516,3400,0.967007963594994,"Clonal","A","V",289
"EGFR","chr7",55154130,55154130,"Silent","SNP","C","T","p.A289=","TCGA-06-0747-01A-01W-0348-08","TCGA-06-0747",3513,3391,0.965271847423854,"Clonal",NA,NA,NA
"EGFR","chr7",55154129,55154129,"Missense_Mutation","SNP","C","A","p.A289D","TCGA-02-2485-01A-01W-0837-08","TCGA-02-2485",1088,1030,0.946691176470588,"Clonal","A","D",289
"TP53","chr17",7674220,7674220,"Missense_Mutation","SNP","C","T","p.R248Q","TCGA-02-2485-01A-01W-0837-08","TCGA-02-2485",503,207,0.411530815109344,"Clonal","R","Q",248
"TP53","chr17",7675232,7675232,"Missense_Mutation","SNP","G","T","p.S127Y","TCGA-02-2485-01A-01W-0837-08","TCGA-02-2485",121,50,0.413223140495868,"Clonal","S","Y",127
"TP53","chr17",7675224,7675224,"Missense_Mutation","SNP","G","A","p.L130F","TCGA-19-1390-01A-01W-0922-08","TCGA-19-1390",43,28,0.651162790697674,"Clonal","L","F",130
"TP53","chr17",7670685,7670685,"Nonsense_Mutation","SNP","G","A","p.R342*","TCGA-06-A5U0-01A-11D-A33T-08","TCGA-06-A5U0",21,16,0.761904761904762,"Clonal","R","*",342
"EGFR","chr7",55154129,55154129,"Missense_Mutation","SNP","C","T","p.A289V","TCGA-32-1970-01A-01D-1494-08","TCGA-32-1970",2266,1221,0.538834951456311,"Clonal","A","V",289
"TP53","chr17",7673820,7673820,"Missense_Mutation","SNP","C","G","p.R267P","TCGA-32-1970-01A-01D-1494-08","TCGA-32-1970",31,26,0.838709677419355,"Clonal","R","P",267
"PTEN","chr10",87933235,87933235,"Missense_Mutation","SNP","G","A","p.R159K","TCGA-06-0195-01B-01D-1491-08","TCGA-06-0195",68,54,0.794117647058823,"Clonal","R","K",159
"TP53","chr17",7673824,7673824,"Missense_Mutation","SNP","C","T","p.G266R","TCGA-06-0195-01B-01D-1491-08","TCGA-06-0195",51,25,0.490196078431373,"Clonal","G","R",266
"TP53","chr17",7674220,7674220,"Missense_Mutation","SNP","C","T","p.R248Q","TCGA-27-1830-01A-01D-1494-08","TCGA-27-1830",98,56,0.571428571428571,"Clonal","R","Q",248
"TP53","chr17",7674250,7674250,"Missense_Mutation","SNP","C","A","p.C238F","TCGA-06-6694-01A-12D-1845-08","TCGA-06-6694",62,44,0.709677419354839,"Clonal","C","F",238
"EGFR","chr7",55154050,55154050,"Missense_Mutation","SNP","A","C","p.T263P","TCGA-16-1045-01B-01D-1492-08","TCGA-16-1045",2298,2096,0.912097476066144,"Clonal","T","P",263
"PTEN","chr10",87961095,87961095,"Nonsense_Mutation","SNP","C","T","p.R335*","TCGA-16-1045-01B-01D-1492-08","TCGA-16-1045",157,70,0.445859872611465,"Clonal","R","*",335
"EGFR","chr7",55165350,55165350,"Missense_Mutation","SNP","G","T","p.G598V","TCGA-06-0125-01A-01D-1490-08","TCGA-06-0125",4215,3089,0.732858837485172,"Clonal","G","V",598
"PTEN","chr10",87961042,87961045,"Frame_Shift_Del","DEL","TACT","-","p.T319*","TCGA-06-0125-01A-01D-1490-08","TCGA-06-0125",135,91,0.674074074074074,"Clonal","T","*",319
"PTEN","chr10",87933166,87933166,"Missense_Mutation","SNP","G","A","p.C136Y","TCGA-27-2526-01A-01W-0837-08","TCGA-27-2526",161,106,0.658385093167702,"Clonal","C","Y",136
"PTEN","chr10",87952142,87952142,"Missense_Mutation","SNP","C","T","p.R173C","TCGA-27-2519-01A-01D-1494-08","TCGA-27-2519",215,103,0.47906976744186,"Clonal","R","C",173
"TP53","chr17",7673776,7673776,"Frame_Shift_Del","DEL","G","-","p.R282Gfs*63","TCGA-27-2519-01A-01D-1494-08","TCGA-27-2519",104,51,0.490384615384615,"Clonal","R","fs",28263
"PTEN","chr10",87933084,87933084,"Missense_Mutation","SNP","G","A","p.D109N","TCGA-14-1034-01A-01D-1492-08","TCGA-14-1034",129,52,0.403100775193798,"Clonal","D","N",109
"TP53","chr17",7676056,7676056,"Missense_Mutation","SNP","C","G","p.G105R","TCGA-14-1034-01A-01D-1492-08","TCGA-14-1034",53,23,0.433962264150943,"Clonal","G","R",105
"TP53","chr17",7675122,7675122,"Missense_Mutation","SNP","T","C","p.K164E","TCGA-12-0619-01A-01D-1492-08","TCGA-12-0619",65,46,0.707692307692308,"Clonal","K","E",164
"PTEN","chr10",87933078,87933078,"Missense_Mutation","SNP","G","T","p.D107Y","TCGA-32-2634-01A-01D-1495-08","TCGA-32-2634",102,65,0.637254901960784,"Clonal","D","Y",107
"TP53","chr17",7674202,7674202,"Missense_Mutation","SNP","A","C","p.I254S","TCGA-32-2634-01A-01D-1495-08","TCGA-32-2634",64,52,0.8125,"Clonal","I","S",254
"PTEN","chr10",87957938,87957939,"Frame_Shift_Ins","INS","-","T","p.E242*","TCGA-28-5209-01A-01D-1486-08","TCGA-28-5209",161,96,0.596273291925466,"Clonal","E","*",242
"PTEN","chr10",87933147,87933147,"Missense_Mutation","SNP","C","G","p.R130G","TCGA-06-0210-02A-01D-2280-08","TCGA-06-0210",82,36,0.439024390243902,"Clonal","R","G",130
"TP53","chr17",7674220,7674220,"Missense_Mutation","SNP","C","T","p.R248Q","TCGA-06-0210-02A-01D-2280-08","TCGA-06-0210",102,61,0.598039215686274,"Clonal","R","Q",248
"PTEN","chr10",87957947,87957947,"Frame_Shift_Del","DEL","C","-","p.P244Lfs*12","TCGA-12-1597-01B-01W-0922-08","TCGA-12-1597",242,140,0.578512396694215,"Clonal","P","fs",24412
"PTEN","chr10",87957947,87957947,"Frame_Shift_Del","DEL","C","-","p.P244Lfs*12","TCGA-12-1597-01B-01D-1495-08","TCGA-12-1597",97,55,0.56701030927835,"Clonal","P","fs",24412
"TP53","chr17",7673776,7673776,"Missense_Mutation","SNP","G","A","p.R282W","TCGA-12-1598-01A-01W-0643-08","TCGA-12-1598",87,65,0.747126436781609,"Clonal","R","W",282
"PTEN","chr10",87952189,87952189,"Nonsense_Mutation","SNP","T","G","p.Y188*","TCGA-19-1387-01A-01W-0643-08","TCGA-19-1387",219,159,0.726027397260274,"Clonal","Y","*",188
"TP53","chr17",7674953,7674953,"Missense_Mutation","SNP","T","C","p.H193R","TCGA-12-0691-01A-01W-0348-08","TCGA-12-0691",385,300,0.779220779220779,"Clonal","H","R",193
"PTEN","chr10",87957958,87957959,"Frame_Shift_Ins","INS","-","A","p.P248Tfs*5","TCGA-76-4925-01A-01D-1486-08","TCGA-76-4925",118,76,0.64406779661017,"Clonal","P","fs",2485
"TP53","chr17",7674217,7674217,"Missense_Mutation","SNP","C","G","p.R249T","TCGA-76-4925-01A-01D-1486-08","TCGA-76-4925",53,36,0.679245283018868,"Clonal","R","T",249
"TP53","chr17",7670700,7670700,"Missense_Mutation","SNP","G","A","p.R337C","TCGA-14-1034-02B-01D-2280-08","TCGA-14-1034",36,34,0.944444444444444,"Clonal","R","C",337
"PTEN","chr10",87933078,87933078,"Missense_Mutation","SNP","G","T","p.D107Y","TCGA-32-2634-01A-01W-0922-08","TCGA-32-2634",166,121,0.728915662650602,"Clonal","D","Y",107
"TP53","chr17",7674202,7674202,"Missense_Mutation","SNP","A","C","p.I254S","TCGA-32-2634-01A-01W-0922-08","TCGA-32-2634",135,116,0.859259259259259,"Clonal","I","S",254
"EGFR","chr7",55181329,55181329,"Missense_Mutation","SNP","G","A","p.V774M","TCGA-12-1600-01A-01W-0643-08","TCGA-12-1600",2026,964,0.475814412635735,"Clonal","V","M",774
"TP53","chr17",7675237,7675237,"Splice_Site","SNP","C","T","p.X126_splice","TCGA-12-1600-01A-01W-0643-08","TCGA-12-1600",19,8,0.421052631578947,"Clonal",NA,NA,NA
"EGFR","chr7",55152581,55152581,"Missense_Mutation","SNP","C","T","p.R222C","TCGA-06-0154-01A-03D-1491-08","TCGA-06-0154",2350,1932,0.822127659574468,"Clonal","R","C",222
"PTEN","chr10",87933154,87933154,"Missense_Mutation","SNP","G","A","p.G132D","TCGA-06-0187-01A-01D-1491-08","TCGA-06-0187",168,102,0.607142857142857,"Clonal","G","D",132
"PTEN","chr10",87894076,87894076,"Missense_Mutation","SNP","G","A","p.G44D","TCGA-06-1804-01A-01D-1696-08","TCGA-06-1804",17,13,0.764705882352941,"Clonal","G","D",44
"PTEN","chr10",87952142,87952142,"Missense_Mutation","SNP","C","T","p.R173C","TCGA-27-2519-01A-01W-0837-08","TCGA-27-2519",223,110,0.493273542600897,"Clonal","R","C",173
"TP53","chr17",7673776,7673776,"Frame_Shift_Del","DEL","G","-","p.R282Gfs*63","TCGA-27-2519-01A-01W-0837-08","TCGA-27-2519",183,106,0.579234972677596,"Clonal","R","fs",28263
"EGFR","chr7",55154129,55154129,"Missense_Mutation","SNP","C","T","p.A289V","TCGA-14-0786-01B-01D-1492-08","TCGA-14-0786",4604,3857,0.837749782797567,"Clonal","A","V",289
"PTEN","chr10",87957915,87957915,"Nonsense_Mutation","SNP","C","T","p.R233*","TCGA-02-2470-01A-01W-0837-08","TCGA-02-2470",529,244,0.46124763705104,"Clonal","R","*",233
"PTEN","chr10",87957915,87957915,"Nonsense_Mutation","SNP","C","T","p.R233*","TCGA-02-2470-01A-01D-1494-08","TCGA-02-2470",212,110,0.518867924528302,"Clonal","R","*",233
"PTEN","chr10",87894052,87894052,"Missense_Mutation","SNP","G","A","p.G36E","TCGA-06-0184-01A-01D-1491-08","TCGA-06-0184",121,50,0.413223140495868,"Clonal","G","E",36
"PTEN","chr10",87961048,87961049,"Frame_Shift_Ins","INS","-","T","p.L320Ffs*5","TCGA-32-4213-01A-01D-1353-08","TCGA-32-4213",141,57,0.404255319148936,"Clonal","L","fs",3205
"PTEN","chr10",87957958,87957959,"Frame_Shift_Ins","INS","-","A","p.P248Tfs*5","TCGA-14-1451-01A-01W-0611-08","TCGA-14-1451",780,421,0.53974358974359,"Clonal","P","fs",2485
"PTEN","chr10",87933166,87933166,"Missense_Mutation","SNP","G","A","p.C136Y","TCGA-27-2526-01A-01D-1494-08","TCGA-27-2526",124,90,0.725806451612903,"Clonal","C","Y",136
"EGFR","chr7",55165350,55165350,"Missense_Mutation","SNP","G","T","p.G598V","TCGA-06-0125-02A-11D-2280-08","TCGA-06-0125",2521,2307,0.915113050376835,"Clonal","G","V",598
"PTEN","chr10",87961042,87961045,"Frame_Shift_Del","DEL","TACT","-","p.T319*","TCGA-06-0125-02A-11D-2280-08","TCGA-06-0125",72,30,0.416666666666667,"Clonal","T","*",319
"EGFR","chr7",55154050,55154050,"Missense_Mutation","SNP","A","C","p.T263P","TCGA-16-1045-01B-01W-0611-08","TCGA-16-1045",4419,4122,0.932790224032587,"Clonal","T","P",263
"PTEN","chr10",87961095,87961095,"Nonsense_Mutation","SNP","C","T","p.R335*","TCGA-16-1045-01B-01W-0611-08","TCGA-16-1045",121,50,0.413223140495868,"Clonal","R","*",335
"TP53","chr17",7675076,7675076,"Missense_Mutation","SNP","T","C","p.H179R","TCGA-06-0744-01A-01D-1492-08","TCGA-06-0744",97,47,0.484536082474227,"Clonal","H","R",179
"PTEN","chr10",87933150,87933150,"Missense_Mutation","SNP","A","G","p.T131A","TCGA-02-0055-01A-01D-1490-08","TCGA-02-0055",191,97,0.507853403141361,"Clonal","T","A",131
"TP53","chr17",7674885,7674885,"Missense_Mutation","SNP","C","T","p.V216M","TCGA-02-0055-01A-01D-1490-08","TCGA-02-0055",64,38,0.59375,"Clonal","V","M",216
"EGFR","chr7",55191831,55191831,"Missense_Mutation","SNP","T","A","p.L861Q","TCGA-12-0657-01A-01W-0348-08","TCGA-12-0657",2018,919,0.455401387512389,"Clonal","L","Q",861
"TP53","chr17",7676097,7676097,"Nonsense_Mutation","SNP","C","T","p.W91*","TCGA-14-1396-01A-01W-0611-08","TCGA-14-1396",25,15,0.6,"Clonal","W","*",91
"TP53","chr17",7674935,7674935,"Missense_Mutation","SNP","C","A","p.G199V","TCGA-06-0152-02A-01D-2280-08","TCGA-06-0152",79,32,0.40506329113924,"Clonal","G","V",199
"EGFR","chr7",55154050,55154050,"Missense_Mutation","SNP","A","C","p.T263P","TCGA-12-0670-01B-01W-0424-08","TCGA-12-0670",3407,2382,0.699148811270913,"Clonal","T","P",263
"TP53","chr17",7675088,7675088,"Missense_Mutation","SNP","C","T","p.R175H","TCGA-06-6698-01A-11D-1845-08","TCGA-06-6698",81,61,0.753086419753086,"Clonal","R","H",175
"PTEN","chr10",87933165,87933165,"Missense_Mutation","SNP","T","C","p.C136R","TCGA-06-0155-01B-01D-1492-08","TCGA-06-0155",165,110,0.666666666666667,"Clonal","C","R",136
"EGFR","chr7",55152581,55152581,"Missense_Mutation","SNP","C","T","p.R222C","TCGA-27-2528-01A-01W-0837-08","TCGA-27-2528",1641,1374,0.837294332723949,"Clonal","R","C",222
"EGFR","chr7",55143387,55143387,"Missense_Mutation","SNP","G","A","p.R108K","TCGA-27-1831-01A-01D-1494-08","TCGA-27-1831",4614,1985,0.430212397052449,"Clonal","R","K",108
"EGFR","chr7",55154017,55154017,"Missense_Mutation","SNP","C","T","p.R252C","TCGA-06-2563-01A-01D-1494-08","TCGA-06-2563",2757,2609,0.946318462096482,"Clonal","R","C",252
"EGFR","chr7",55154129,55154129,"Missense_Mutation","SNP","C","T","p.A289V","TCGA-32-1970-01A-01W-0837-08","TCGA-32-1970",1933,938,0.485256078634247,"Clonal","A","V",289
"TP53","chr17",7673820,7673820,"Missense_Mutation","SNP","C","G","p.R267P","TCGA-32-1970-01A-01W-0837-08","TCGA-32-1970",57,51,0.894736842105263,"Clonal","R","P",267
"PTEN","chr10",87957915,87957915,"Nonsense_Mutation","SNP","C","T","p.R233*","TCGA-41-2571-01A-01D-1495-08","TCGA-41-2571",106,73,0.688679245283019,"Clonal","R","*",233
"EGFR","chr7",55165350,55165350,"Missense_Mutation","SNP","G","T","p.G598V","TCGA-76-4931-01A-01D-1486-08","TCGA-76-4931",3173,3004,0.946738102741885,"Clonal","G","V",598
"PTEN","chr10",87952250,87952250,"Nonsense_Mutation","SNP","G","T","p.G209*","TCGA-76-4931-01A-01D-1486-08","TCGA-76-4931",151,117,0.774834437086093,"Clonal","G","*",209
"PTEN","chr10",87960919,87960919,"Missense_Mutation","SNP","A","G","p.N276S","TCGA-27-1834-01A-01D-1494-08","TCGA-27-1834",55,27,0.490909090909091,"Clonal","N","S",276
"PTEN","chr10",87933035,87933035,"Missense_Mutation","SNP","C","A","p.D92E","TCGA-06-0190-02A-01D-2280-08","TCGA-06-0190",43,21,0.488372093023256,"Clonal","D","E",92
"EGFR","chr7",55154129,55154129,"Missense_Mutation","SNP","C","T","p.A289V","TCGA-14-0790-01B-01W-0837-08","TCGA-14-0790",1980,1865,0.941919191919192,"Clonal","A","V",289
"EGFR","chr7",55154129,55154129,"Missense_Mutation","SNP","C","T","p.A289V","TCGA-14-0790-01B-01D-1494-08","TCGA-14-0790",2977,2783,0.934833725226738,"Clonal","A","V",289
"EGFR","chr7",55172997,55172997,"Missense_Mutation","SNP","C","G","p.S645C","TCGA-12-0829-01A-01W-0424-08","TCGA-12-0829",754,571,0.757294429708223,"Clonal","S","C",645
"TP53","chr17",7674872,7674872,"Missense_Mutation","SNP","T","C","p.Y220C","TCGA-06-1087-01A-02W-0611-08","TCGA-06-1087",303,128,0.422442244224422,"Clonal","Y","C",220
"PTEN","chr10",87957955,87957955,"Missense_Mutation","SNP","C","T","p.P246L","TCGA-06-0875-01A-01D-1492-08","TCGA-06-0875",92,61,0.66304347826087,"Clonal","P","L",246
"PTEN","chr10",87960902,87960902,"Missense_Mutation","SNP","G","A","p.M270I","TCGA-06-0875-01A-01D-1492-08","TCGA-06-0875",24,14,0.583333333333333,"Clonal","M","I",270
"TP53","chr17",7673776,7673776,"Missense_Mutation","SNP","G","A","p.R282W","TCGA-06-0875-01A-01D-1492-08","TCGA-06-0875",64,40,0.625,"Clonal","R","W",282
"PTEN","chr10",87933147,87933147,"Nonsense_Mutation","SNP","C","T","p.R130*","TCGA-27-2524-01A-01W-0837-08","TCGA-27-2524",311,197,0.633440514469453,"Clonal","R","*",130
"TP53","chr17",7674238,7674238,"Missense_Mutation","SNP","C","T","p.C242Y","TCGA-28-2509-01A-01D-1494-08","TCGA-28-2509",80,64,0.8,"Clonal","C","Y",242
"TP53","chr17",7674262,7674262,"Missense_Mutation","SNP","T","C","p.Y234C","TCGA-26-5133-01A-01D-1486-08","TCGA-26-5133",58,49,0.844827586206897,"Clonal","Y","C",234
"PTEN","chr10",87933078,87933078,"Missense_Mutation","SNP","G","C","p.D107H","TCGA-06-0216-01B-01D-1492-08","TCGA-06-0216",42,31,0.738095238095238,"Clonal","D","H",107
"PTEN","chr10",87952142,87952142,"Missense_Mutation","SNP","C","T","p.R173C","TCGA-06-1800-01A-01W-0643-08","TCGA-06-1800",211,122,0.578199052132701,"Clonal","R","C",173
"TP53","chr17",7674242,7674242,"Missense_Mutation","SNP","A","G","p.S241P","TCGA-06-1800-01A-01W-0643-08","TCGA-06-1800",691,505,0.73082489146165,"Clonal","S","P",241
"PTEN","chr10",87933236,87933236,"Missense_Mutation","SNP","G","T","p.R159S","TCGA-06-2559-01A-01W-0837-08","TCGA-06-2559",89,59,0.662921348314607,"Clonal","R","S",159
"TP53","chr17",7674962,7674962,"Missense_Mutation","SNP","G","A","p.P190L","TCGA-06-2559-01A-01W-0837-08","TCGA-06-2559",171,81,0.473684210526316,"Clonal","P","L",190
"TP53","chr17",7675148,7675148,"Missense_Mutation","SNP","G","T","p.T155N","TCGA-06-2559-01A-01W-0837-08","TCGA-06-2559",252,112,0.444444444444444,"Clonal","T","N",155
"PTEN","chr10",87933147,87933147,"Nonsense_Mutation","SNP","C","T","p.R130*","TCGA-06-2558-01A-01D-1494-08","TCGA-06-2558",122,80,0.655737704918033,"Clonal","R","*",130
"TP53","chr17",7673779,7673779,"Missense_Mutation","SNP","C","G","p.D281H","TCGA-06-2558-01A-01D-1494-08","TCGA-06-2558",55,36,0.654545454545455,"Clonal","D","H",281
"TP53","chr17",7675139,7675139,"Missense_Mutation","SNP","C","G","p.R158P","TCGA-12-0773-01A-01W-0348-08","TCGA-12-0773",275,230,0.836363636363636,"Clonal","R","P",158
"PTEN","chr10",87933145,87933145,"Missense_Mutation","SNP","G","A","p.G129E","TCGA-32-5222-01A-01D-1486-08","TCGA-32-5222",148,91,0.614864864864865,"Clonal","G","E",129
"TP53","chr17",7674240,7674248,"In_Frame_Del","DEL","GGAACTGTT","-","p.N239_S241del","TCGA-06-0238-01A-02D-1492-08","TCGA-06-0238",53,24,0.452830188679245,"Clonal",NA,NA,NA
"PTEN","chr10",87961037,87961037,"Nonsense_Mutation","SNP","T","A","p.Y315*","TCGA-06-0192-01B-01D-1492-08","TCGA-06-0192",84,39,0.464285714285714,"Clonal","Y","*",315
"EGFR","chr7",55181309,55181310,"In_Frame_Ins","INS","-","CAGCGTGGA","p.S768_D770dup","TCGA-19-2625-01A-01W-0922-08","TCGA-19-2625",670,322,0.480597014925373,"Clonal",NA,NA,NA
"PTEN","chr10",87925557,87925557,"Missense_Mutation","SNP","T","A","p.L70H","TCGA-19-2625-01A-01W-0922-08","TCGA-19-2625",41,27,0.658536585365854,"Clonal","L","H",70
"EGFR","chr7",55142382,55142382,"Missense_Mutation","SNP","T","G","p.L62R","TCGA-32-2632-01A-01W-0922-08","TCGA-32-2632",2638,2503,0.94882486732373,"Clonal","L","R",62
"EGFR","chr7",55142382,55142382,"Missense_Mutation","SNP","T","G","p.L62R","TCGA-32-2632-01A-01D-1495-08","TCGA-32-2632",4490,4293,0.956124721603563,"Clonal","L","R",62
"PTEN","chr10",87952236,87952236,"Missense_Mutation","SNP","C","T","p.P204L","TCGA-06-5418-01A-01D-1486-08","TCGA-06-5418",227,119,0.524229074889868,"Clonal","P","L",204
"TP53","chr17",7675224,7675224,"Missense_Mutation","SNP","G","A","p.L130F","TCGA-19-1390-01A-01D-1495-08","TCGA-19-1390",43,26,0.604651162790698,"Clonal","L","F",130
"PTEN","chr10",87931089,87931089,"Missense_Mutation","SNP","G","T","p.V85F","TCGA-16-0846-01A-01D-1492-08","TCGA-16-0846",51,30,0.588235294117647,"Clonal","V","F",85
"TP53","chr17",7675077,7675077,"Missense_Mutation","SNP","G","A","p.H179Y","TCGA-16-0846-01A-01D-1492-08","TCGA-16-0846",75,43,0.573333333333333,"Clonal","H","Y",179
"TP53","chr17",7674945,7674945,"Nonsense_Mutation","SNP","G","A","p.R196*","TCGA-06-2567-01A-01W-0837-08","TCGA-06-2567",251,103,0.410358565737052,"Clonal","R","*",196
"TP53","chr17",7674946,7674950,"Frame_Shift_Del","DEL","GATAA","-","p.L194Pfs*13","TCGA-14-0817-01A-01D-1492-08","TCGA-14-0817",94,75,0.797872340425532,"Clonal","L","fs",19413
"TP53","chr17",7675138,7675149,"In_Frame_Del","DEL","GCGGACGCGGGT","-","p.T155_R158del","TCGA-06-2569-01A-01D-1494-08","TCGA-06-2569",68,51,0.75,"Clonal",NA,NA,NA
"TP53","chr17",7674885,7674885,"Missense_Mutation","SNP","C","T","p.V216M","TCGA-27-1835-01A-01D-1494-08","TCGA-27-1835",39,29,0.743589743589744,"Clonal","V","M",216
"PTEN","chr10",87957955,87957955,"Missense_Mutation","SNP","C","T","p.P246L","TCGA-06-0875-01A-01W-0424-08","TCGA-06-0875",528,393,0.744318181818182,"Clonal","P","L",246
"PTEN","chr10",87960902,87960902,"Missense_Mutation","SNP","G","A","p.M270I","TCGA-06-0875-01A-01W-0424-08","TCGA-06-0875",66,41,0.621212121212121,"Clonal","M","I",270
"TP53","chr17",7673776,7673776,"Missense_Mutation","SNP","G","A","p.R282W","TCGA-06-0875-01A-01W-0424-08","TCGA-06-0875",121,90,0.743801652892562,"Clonal","R","W",282
"TP53","chr17",7675237,7675237,"Splice_Site","SNP","C","T","p.X126_splice","TCGA-41-5651-01A-01D-1696-08","TCGA-41-5651",15,14,0.933333333333333,"Clonal",NA,NA,NA
"PTEN","chr10",87894069,87894069,"Missense_Mutation","SNP","C","G","p.L42V","TCGA-28-5216-01A-01D-1486-08","TCGA-28-5216",122,85,0.69672131147541,"Clonal","L","V",42
"TP53","chr17",7674217,7674217,"Missense_Mutation","SNP","C","A","p.R249M","TCGA-28-5216-01A-01D-1486-08","TCGA-28-5216",69,53,0.768115942028985,"Clonal","R","M",249
"EGFR","chr7",55165350,55165350,"Missense_Mutation","SNP","G","T","p.G598V","TCGA-32-1982-01A-01W-0837-08","TCGA-32-1982",2602,2039,0.783627978478094,"Clonal","G","V",598
"PTEN","chr10",87933236,87933236,"Missense_Mutation","SNP","G","T","p.R159S","TCGA-06-2559-01A-01D-1494-08","TCGA-06-2559",100,64,0.64,"Clonal","R","S",159
"TP53","chr17",7674962,7674962,"Missense_Mutation","SNP","G","A","p.P190L","TCGA-06-2559-01A-01D-1494-08","TCGA-06-2559",81,37,0.45679012345679,"Clonal","P","L",190
"TP53","chr17",7675148,7675148,"Missense_Mutation","SNP","G","T","p.T155N","TCGA-06-2559-01A-01D-1494-08","TCGA-06-2559",95,39,0.410526315789474,"Clonal","T","N",155
"PTEN","chr10",87957915,87957915,"Nonsense_Mutation","SNP","C","T","p.R233*","TCGA-06-5858-01A-01D-1696-08","TCGA-06-5858",137,104,0.759124087591241,"Clonal","R","*",233
"TP53","chr17",7675088,7675088,"Missense_Mutation","SNP","C","T","p.R175H","TCGA-06-5858-01A-01D-1696-08","TCGA-06-5858",83,57,0.686746987951807,"Clonal","R","H",175
"PTEN","chr10",87961042,87961045,"Frame_Shift_Del","DEL","TACT","-","p.T319*","TCGA-06-2561-01A-02W-0837-08","TCGA-06-2561",176,81,0.460227272727273,"Clonal","T","*",319
"EGFR","chr7",55143387,55143387,"Missense_Mutation","SNP","G","A","p.R108K","TCGA-27-1831-01A-01W-0837-08","TCGA-27-1831",5582,2239,0.401110713006091,"Clonal","R","K",108
"EGFR","chr7",55171177,55171177,"Missense_Mutation","SNP","G","T","p.C628F","TCGA-26-5139-01A-01D-1486-08","TCGA-26-5139",2299,1897,0.825141365811222,"Clonal","C","F",628
"TP53","chr17",7674945,7674945,"Nonsense_Mutation","SNP","G","A","p.R196*","TCGA-14-1825-01A-01D-1494-08","TCGA-14-1825",82,39,0.475609756097561,"Clonal","R","*",196
"TP53","chr17",7674945,7674945,"Nonsense_Mutation","SNP","G","A","p.R196*","TCGA-14-1825-01A-01W-0643-08","TCGA-14-1825",165,120,0.727272727272727,"Clonal","R","*",196
"EGFR","chr7",55154129,55154129,"Missense_Mutation","SNP","C","T","p.A289V","TCGA-06-0157-01A-01D-1491-08","TCGA-06-0157",2480,2301,0.927822580645161,"Clonal","A","V",289
"PTEN","chr10",87931062,87931063,"Frame_Shift_Del","DEL","TA","-","p.Y76*","TCGA-06-0157-01A-01D-1491-08","TCGA-06-0157",53,23,0.433962264150943,"Clonal","Y","*",76
"PTEN","chr10",87894081,87894081,"Missense_Mutation","SNP","T","C","p.Y46H","TCGA-06-0876-01A-01D-1492-08","TCGA-06-0876",73,51,0.698630136986301,"Clonal","Y","H",46
"EGFR","chr7",55165350,55165350,"Missense_Mutation","SNP","G","T","p.G598V","TCGA-32-1982-01A-01D-1494-08","TCGA-32-1982",2936,2479,0.844346049046321,"Clonal","G","V",598
"PTEN","chr10",87894081,87894081,"Missense_Mutation","SNP","T","C","p.Y46H","TCGA-06-0876-01A-01W-0424-08","TCGA-06-0876",189,135,0.714285714285714,"Clonal","Y","H",46
"TP53","chr17",7674221,7674221,"Missense_Mutation","SNP","G","A","p.R248W","TCGA-06-0876-01A-01W-0424-08","TCGA-06-0876",1074,528,0.491620111731844,"Clonal","R","W",248
"EGFR","chr7",55143387,55143387,"Missense_Mutation","SNP","G","A","p.R108K","TCGA-06-2565-01A-01D-1494-08","TCGA-06-2565",3982,3748,0.94123556002009,"Clonal","R","K",108
"PTEN","chr10",87933126,87933126,"Missense_Mutation","SNP","C","T","p.H123Y","TCGA-14-0813-01A-01D-1492-08","TCGA-14-0813",139,71,0.510791366906475,"Clonal","H","Y",123
"TP53","chr17",7675994,7675994,"Splice_Region","SNP","C","T","p.T125=","TCGA-28-5215-01A-01D-1486-08","TCGA-28-5215",92,51,0.554347826086957,"Clonal",NA,NA,NA
"PTEN","chr10",87933147,87933147,"Nonsense_Mutation","SNP","C","T","p.R130*","TCGA-06-2558-01A-01W-0837-08","TCGA-06-2558",233,151,0.648068669527897,"Clonal","R","*",130
"TP53","chr17",7673779,7673779,"Missense_Mutation","SNP","C","G","p.D281H","TCGA-06-2558-01A-01W-0837-08","TCGA-06-2558",153,100,0.65359477124183,"Clonal","D","H",281
"EGFR","chr7",55165416,55165416,"Missense_Mutation","SNP","G","A","p.C620Y","TCGA-02-0003-01A-01D-1490-08","TCGA-02-0003",3439,1515,0.440535039255598,"Clonal","C","Y",620
"TP53","chr17",7673776,7673776,"Missense_Mutation","SNP","G","A","p.R282W","TCGA-02-0003-01A-01D-1490-08","TCGA-02-0003",106,46,0.433962264150943,"Clonal","R","W",282
"EGFR","chr7",55154128,55154128,"Missense_Mutation","SNP","G","A","p.A289T","TCGA-06-0749-01A-01W-0348-08","TCGA-06-0749",288,128,0.444444444444444,"Clonal","A","T",289
"TP53","chr17",7674197,7674199,"In_Frame_Del","DEL","TGA","-","p.I255del","TCGA-14-0812-01B-01W-0643-08","TCGA-14-0812",250,137,0.548,"Clonal",NA,NA,NA
"EGFR","chr7",55154129,55154129,"Missense_Mutation","SNP","C","T","p.A289V","TCGA-06-5856-01A-01D-1696-08","TCGA-06-5856",1570,862,0.549044585987261,"Clonal","A","V",289
"EGFR","chr7",55154017,55154017,"Missense_Mutation","SNP","C","T","p.R252C","TCGA-06-2563-01A-01W-0837-08","TCGA-06-2563",3363,3046,0.905738923580137,"Clonal","R","C",252
"PTEN","chr10",87960922,87960922,"Missense_Mutation","SNP","C","T","p.T277I","TCGA-27-1837-01A-01W-0837-08","TCGA-27-1837",55,29,0.527272727272727,"Clonal","T","I",277
"EGFR","chr7",55171201,55171201,"Missense_Mutation","SNP","G","A","p.C636Y","TCGA-15-0742-01A-01W-0348-08","TCGA-15-0742",8138,7852,0.964856230031949,"Clonal","C","Y",636
"EGFR","chr7",55171201,55171201,"Missense_Mutation","SNP","G","A","p.C636Y","TCGA-15-0742-01A-01D-1492-08","TCGA-15-0742",2776,2646,0.953170028818444,"Clonal","C","Y",636
"PTEN","chr10",87957958,87957958,"Nonsense_Mutation","SNP","T","G","p.L247*","TCGA-12-3644-01A-01W-0922-08","TCGA-12-3644",169,119,0.70414201183432,"Clonal","L","*",247
"TP53","chr17",7674221,7674221,"Missense_Mutation","SNP","G","A","p.R248W","TCGA-12-3644-01A-01W-0922-08","TCGA-12-3644",482,413,0.856846473029046,"Clonal","R","W",248
"TP53","chr17",7674250,7674250,"Missense_Mutation","SNP","C","T","p.C238Y","TCGA-12-0618-01A-01D-1492-08","TCGA-12-0618",98,88,0.897959183673469,"Clonal","C","Y",238
"TP53","chr17",7670685,7670685,"Nonsense_Mutation","SNP","G","A","p.R342*","TCGA-76-4929-01A-01D-1486-08","TCGA-76-4929",60,33,0.55,"Clonal","R","*",342
"TP53","chr17",7675158,7675158,"Missense_Mutation","SNP","G","A","p.P152S","TCGA-76-4929-01A-01D-1486-08","TCGA-76-4929",96,41,0.427083333333333,"Clonal","P","S",152
