"peptide","hla","affinity_nM","percentile","binding_level","hla_class","peptide_length.x","is_strong_binder","gene","patient","mutation","VAF","peptide_length.y"
"RTDVMICAY","HLA-A*01:01",0.008,0.028,"<=","I",9,TRUE,"PTEN","TCGA-06-0187-01A-01D-1491-08","p.G132D",0.607142857142857,9
"FRHSMVVPY","HLA-C*07:02",0.008,0.027,"<=","I",9,TRUE,"TP53","TCGA-02-0055-01A-01D-1490-08","p.V216M",0.59375,9
"FRHSMVVPY","HLA-C*07:02",0.008,0.027,"<=","I",9,TRUE,"TP53","TCGA-27-1835-01A-01D-1494-08","p.V216M",0.743589743589744,9
"MYFEFPQLL","HLA-C*07:02",0.008,0.008,"<=","I",9,TRUE,"PTEN","TCGA-06-0875-01A-01D-1492-08","p.P246L",0.66304347826087,9
"MYFEFPQLL","HLA-C*07:02",0.008,0.008,"<=","I",9,TRUE,"PTEN","TCGA-06-0875-01A-01W-0424-08","p.P246L",0.744318181818182,9
"MYFEFPQLL","HLA-C*07:01",0.01,0.014,"<=","I",9,TRUE,"PTEN","TCGA-06-0875-01A-01D-1492-08","p.P246L",0.66304347826087,9
"MYFEFPQLL","HLA-C*07:01",0.01,0.014,"<=","I",9,TRUE,"PTEN","TCGA-06-0875-01A-01W-0424-08","p.P246L",0.744318181818182,9
"MYFEFPQLL","HLA-A*24:02",0.011,0.007,"<=","I",9,TRUE,"PTEN","TCGA-06-0875-01A-01D-1492-08","p.P246L",0.66304347826087,9
"MYFEFPQLL","HLA-A*24:02",0.011,0.007,"<=","I",9,TRUE,"PTEN","TCGA-06-0875-01A-01W-0424-08","p.P246L",0.744318181818182,9
"FRHSMVVPY","HLA-C*07:01",0.014,0.064,"<=","I",9,TRUE,"TP53","TCGA-02-0055-01A-01D-1490-08","p.V216M",0.59375,9
"FRHSMVVPY","HLA-C*07:01",0.014,0.064,"<=","I",9,TRUE,"TP53","TCGA-27-1835-01A-01D-1494-08","p.V216M",0.743589743589744,9
"CTYYPALNK","HLA-A*03:01",0.016,0.165,"<=","I",9,TRUE,"TP53","TCGA-02-2485-01A-01D-1494-08","p.S127Y",0.477272727272727,9
"CTYYPALNK","HLA-A*03:01",0.016,0.165,"<=","I",9,TRUE,"TP53","TCGA-02-2485-01A-01W-0837-08","p.S127Y",0.413223140495868,9
"CTYSPAFNK","HLA-A*03:01",0.019,0.147,"<=","I",9,TRUE,"TP53","TCGA-19-1390-01A-01W-0922-08","p.L130F",0.651162790697674,9
"CTYSPAFNK","HLA-A*03:01",0.019,0.147,"<=","I",9,TRUE,"TP53","TCGA-19-1390-01A-01D-1495-08","p.L130F",0.604651162790698,9
"YYPALNKMF","HLA-C*07:02",0.02,0.019,"<=","I",9,TRUE,"TP53","TCGA-02-2485-01A-01D-1494-08","p.S127Y",0.477272727272727,9
"YYPALNKMF","HLA-C*07:02",0.02,0.019,"<=","I",9,TRUE,"TP53","TCGA-02-2485-01A-01W-0837-08","p.S127Y",0.413223140495868,9
"RSYGFRLGF","HLA-C*07:01",0.02,0.125,"<=","I",9,TRUE,"TP53","TCGA-14-1034-01A-01D-1492-08","p.G105R",0.433962264150943,9
"SPGTRVRAM","HLA-B*07:02",0.023,0.037,"<=","I",9,TRUE,"TP53","TCGA-76-4929-01A-01D-1486-08","p.P152S",0.427083333333333,9
"LLGPNSFEV","HLA-A*02:01",0.026,0.061,"<=","I",9,TRUE,"TP53","TCGA-32-1970-01A-01D-1494-08","p.R267P",0.838709677419355,9
"LLGPNSFEV","HLA-A*02:01",0.026,0.061,"<=","I",9,TRUE,"TP53","TCGA-32-1970-01A-01W-0837-08","p.R267P",0.894736842105263,9
"IFHFWVNTF","HLA-A*24:02",0.027,0.053,"<=","I",9,TRUE,"PTEN","TCGA-06-0875-01A-01D-1492-08","p.M270I",0.583333333333333,9
"IFHFWVNTF","HLA-A*24:02",0.027,0.053,"<=","I",9,TRUE,"PTEN","TCGA-06-0875-01A-01W-0424-08","p.M270I",0.621212121212121,9
"FMYFEFPQL","HLA-A*02:01",0.029,0.142,"<=","I",9,TRUE,"PTEN","TCGA-06-0875-01A-01D-1492-08","p.P246L",0.66304347826087,9
"FMYFEFPQL","HLA-A*02:01",0.029,0.142,"<=","I",9,TRUE,"PTEN","TCGA-06-0875-01A-01W-0424-08","p.P246L",0.744318181818182,9
"RPILTSITL","HLA-B*07:02",0.029,0.015,"<=","I",9,TRUE,"TP53","TCGA-32-2634-01A-01D-1495-08","p.I254S",0.8125,9
"RPILTSITL","HLA-B*07:02",0.029,0.015,"<=","I",9,TRUE,"TP53","TCGA-32-2634-01A-01W-0922-08","p.I254S",0.859259259259259,9
"MFHFWVSTF","HLA-A*24:02",0.035,0.223,"<=","I",9,TRUE,"PTEN","TCGA-27-1834-01A-01D-1494-08","p.N276S",0.490909090909091,9
"TYYPALNKM","HLA-C*07:02",0.038,0.016,"<=","I",9,TRUE,"TP53","TCGA-02-2485-01A-01D-1494-08","p.S127Y",0.477272727272727,9
"TYYPALNKM","HLA-C*07:02",0.038,0.016,"<=","I",9,TRUE,"TP53","TCGA-02-2485-01A-01W-0837-08","p.S127Y",0.413223140495868,9
"TYSPAFNKM","HLA-C*07:02",0.04,0.023,"<=","I",9,TRUE,"TP53","TCGA-19-1390-01A-01W-0922-08","p.L130F",0.651162790697674,9
"TYSPAFNKM","HLA-C*07:02",0.04,0.023,"<=","I",9,TRUE,"TP53","TCGA-19-1390-01A-01D-1495-08","p.L130F",0.604651162790698,9
"DGMNRRPIL","HLA-B*08:01",0.043,0.052,"<=","I",9,TRUE,"TP53","TCGA-14-1795-01A-01W-0643-08","p.G244D",0.556354916067146,9
"FHFWVSTFF","HLA-C*07:02",0.047,0.385,"<=","I",9,TRUE,"PTEN","TCGA-27-1834-01A-01D-1494-08","p.N276S",0.490909090909091,9
"MIYAYLLHR","HLA-A*03:01",0.052,0.194,"<=","I",9,TRUE,"PTEN","TCGA-27-2526-01A-01W-0837-08","p.C136Y",0.658385093167702,9
"MIYAYLLHR","HLA-A*03:01",0.052,0.194,"<=","I",9,TRUE,"PTEN","TCGA-27-2526-01A-01D-1494-08","p.C136Y",0.725806451612903,9
"TRVPAMAIY","HLA-C*07:02",0.061,0.048,"<=","I",9,TRUE,"TP53","TCGA-12-0773-01A-01W-0348-08","p.R158P",0.836363636363636,9
"NYMCNSSYM","HLA-C*07:02",0.065,1.709,"<=","I",9,TRUE,"TP53","TCGA-28-2509-01A-01W-0837-08","p.C242Y",0.825352112676056,9
"NYMCNSSYM","HLA-C*07:02",0.065,1.709,"<=","I",9,TRUE,"TP53","TCGA-28-2509-01A-01D-1494-08","p.C242Y",0.8,9
"TTIHYNYMY","HLA-A*01:01",0.067,0.111,"<=","I",9,TRUE,"TP53","TCGA-12-0618-01A-01D-1492-08","p.C238Y",0.897959183673469,9
"RVPAMAIYK","HLA-A*03:01",0.078,0.047,"<=","I",9,TRUE,"TP53","TCGA-12-0773-01A-01W-0348-08","p.R158P",0.836363636363636,9
"KMFHFWVNI","HLA-A*02:01",0.086,0.598,"<=","I",9,TRUE,"PTEN","TCGA-27-1837-01A-01W-0837-08","p.T277I",0.527272727272727,9
"SPGTRVRAM","HLA-B*08:01",0.098,0.06,"<=","I",9,TRUE,"TP53","TCGA-76-4929-01A-01D-1486-08","p.P152S",0.427083333333333,9
"YYPALNKMF","HLA-A*24:02",0.099,0.022,"<=","I",9,TRUE,"TP53","TCGA-02-2485-01A-01D-1494-08","p.S127Y",0.477272727272727,9
"YYPALNKMF","HLA-A*24:02",0.099,0.022,"<=","I",9,TRUE,"TP53","TCGA-02-2485-01A-01W-0837-08","p.S127Y",0.413223140495868,9
"VLFNYDANK","HLA-A*03:01",0.105,0.154,"<=","I",9,TRUE,"EGFR","TCGA-14-1827-01A-01W-0643-08","p.S123F",0.973006134969325,9
"FHFWVSTFF","HLA-C*07:01",0.105,0.534,"<=","I",9,TRUE,"PTEN","TCGA-27-1834-01A-01D-1494-08","p.N276S",0.490909090909091,9
"CTGPGLEGY","HLA-A*01:01",0.107,0.337,"<=","I",9,TRUE,"EGFR","TCGA-15-0742-01A-01W-0348-08","p.C636Y",0.964856230031949,9
"CTGPGLEGY","HLA-A*01:01",0.107,0.337,"<=","I",9,TRUE,"EGFR","TCGA-15-0742-01A-01D-1492-08","p.C636Y",0.953170028818444,9
"KMMFETILM","HLA-A*02:01",0.11,0.618,"<=","I",9,TRUE,"PTEN","TCGA-06-5418-01A-01D-1486-08","p.P204L",0.524229074889868,9
"CSDSDGLAL","HLA-A*01:01",0.117,0.726,"<=","I",9,TRUE,"TP53","TCGA-06-2559-01A-01W-0837-08","p.P190L",0.473684210526316,9
"CSDSDGLAL","HLA-A*01:01",0.117,0.726,"<=","I",9,TRUE,"TP53","TCGA-06-2559-01A-01D-1494-08","p.P190L",0.45679012345679,9
"NRMPILTII","HLA-C*07:01",0.123,0.114,"<=","I",9,TRUE,"TP53","TCGA-28-5216-01A-01D-1486-08","p.R249M",0.768115942028985,9
"TRVPAMAIY","HLA-C*07:01",0.125,0.051,"<=","I",9,TRUE,"TP53","TCGA-12-0773-01A-01W-0348-08","p.R158P",0.836363636363636,9
"QTGVMICAY","HLA-A*01:01",0.138,0.851,"<=","I",9,TRUE,"PTEN","TCGA-41-3915-01A-01D-1353-08","p.R130Q",0.703125,9
"TYSPALNNM","HLA-C*07:02",0.139,0.073,"<=","I",9,TRUE,"TP53","TCGA-26-5136-01B-01D-1486-08","p.K132N",0.783783783783784,9
"VRGNLEITY","HLA-C*07:02",0.141,0.035,"<=","I",9,TRUE,"EGFR","TCGA-32-2632-01A-01W-0922-08","p.L62R",0.94882486732373,9
"VRGNLEITY","HLA-C*07:02",0.141,0.035,"<=","I",9,TRUE,"EGFR","TCGA-32-2632-01A-01D-1495-08","p.L62R",0.956124721603563,9
"KTYQRSYGF","HLA-C*07:01",0.148,0.393,"<=","I",9,TRUE,"TP53","TCGA-14-1034-01A-01D-1492-08","p.G105R",0.433962264150943,9
"TYSPAFNKM","HLA-A*24:02",0.157,0.03,"<=","I",9,TRUE,"TP53","TCGA-19-1390-01A-01W-0922-08","p.L130F",0.651162790697674,9
"TYSPAFNKM","HLA-A*24:02",0.157,0.03,"<=","I",9,TRUE,"TP53","TCGA-19-1390-01A-01D-1495-08","p.L130F",0.604651162790698,9
"MFHFWVNIF","HLA-A*24:02",0.158,0.458,"<=","I",9,TRUE,"PTEN","TCGA-27-1837-01A-01W-0837-08","p.T277I",0.527272727272727,9
"NRVRAMAIY","HLA-C*07:02",0.167,0.362,"<=","I",9,TRUE,"TP53","TCGA-06-2559-01A-01W-0837-08","p.T155N",0.444444444444444,9
"NRVRAMAIY","HLA-C*07:02",0.167,0.362,"<=","I",9,TRUE,"TP53","TCGA-06-2559-01A-01D-1494-08","p.T155N",0.410526315789474,9
"NYMFNSSCM","HLA-C*07:02",0.169,1.557,"<=","I",9,TRUE,"TP53","TCGA-06-6694-01A-12D-1845-08","p.C238F",0.709677419354839,9
"NRMPILTII","HLA-C*07:02",0.173,0.146,"<=","I",9,TRUE,"TP53","TCGA-28-5216-01A-01D-1486-08","p.R249M",0.768115942028985,9
"RTGVMIYAY","HLA-A*01:01",0.177,0.477,"<=","I",9,TRUE,"PTEN","TCGA-27-2526-01A-01W-0837-08","p.C136Y",0.658385093167702,9
"RTGVMIYAY","HLA-A*01:01",0.177,0.477,"<=","I",9,TRUE,"PTEN","TCGA-27-2526-01A-01D-1494-08","p.C136Y",0.725806451612903,9
"SQRCYVYYY","HLA-C*07:01",0.186,1.904,"<=","I",9,TRUE,"PTEN","TCGA-27-2519-01A-01D-1494-08","p.R173C",0.47906976744186,9
"SQRCYVYYY","HLA-C*07:01",0.186,1.904,"<=","I",9,TRUE,"PTEN","TCGA-27-2519-01A-01W-0837-08","p.R173C",0.493273542600897,9
"SQRCYVYYY","HLA-C*07:01",0.186,1.904,"<=","I",9,TRUE,"PTEN","TCGA-06-1800-01A-01W-0643-08","p.R173C",0.578199052132701,9
"TYYPALNKM","HLA-C*07:01",0.191,0.037,"<=","I",9,TRUE,"TP53","TCGA-02-2485-01A-01D-1494-08","p.S127Y",0.477272727272727,9
"TYYPALNKM","HLA-C*07:01",0.191,0.037,"<=","I",9,TRUE,"TP53","TCGA-02-2485-01A-01W-0837-08","p.S127Y",0.413223140495868,9
"NYMYNSSCM","HLA-C*07:02",0.194,1.712,"<=","I",9,TRUE,"TP53","TCGA-12-0618-01A-01D-1492-08","p.C238Y",0.897959183673469,9
"FHFWVNIFF","HLA-C*07:02",0.196,0.5,"<=","I",9,TRUE,"PTEN","TCGA-27-1837-01A-01W-0837-08","p.T277I",0.527272727272727,9
"GNRVRAMAI","HLA-B*08:01",0.203,0.567,"<=","I",9,TRUE,"TP53","TCGA-06-2559-01A-01W-0837-08","p.T155N",0.444444444444444,9
"GNRVRAMAI","HLA-B*08:01",0.203,0.567,"<=","I",9,TRUE,"TP53","TCGA-06-2559-01A-01D-1494-08","p.T155N",0.410526315789474,9
"MMFETILMF","HLA-A*24:02",0.206,0.555,"<=","I",9,TRUE,"PTEN","TCGA-06-5418-01A-01D-1486-08","p.P204L",0.524229074889868,9
"GTGVMICAY","HLA-A*01:01",0.209,1.352,"<=","I",9,TRUE,"PTEN","TCGA-06-0210-02A-01D-2280-08","p.R130G",0.439024390243902,9
"TYYPALNKM","HLA-A*24:02",0.209,0.03,"<=","I",9,TRUE,"TP53","TCGA-02-2485-01A-01D-1494-08","p.S127Y",0.477272727272727,9
"TYYPALNKM","HLA-A*24:02",0.209,0.03,"<=","I",9,TRUE,"TP53","TCGA-02-2485-01A-01W-0837-08","p.S127Y",0.413223140495868,9
"CYVYYYSYL","HLA-A*24:02",0.209,1.462,"<=","I",9,TRUE,"PTEN","TCGA-27-2519-01A-01D-1494-08","p.R173C",0.47906976744186,9
"CYVYYYSYL","HLA-A*24:02",0.209,1.462,"<=","I",9,TRUE,"PTEN","TCGA-27-2519-01A-01W-0837-08","p.R173C",0.493273542600897,9
"CYVYYYSYL","HLA-A*24:02",0.209,1.462,"<=","I",9,TRUE,"PTEN","TCGA-06-1800-01A-01W-0643-08","p.R173C",0.578199052132701,9
"MPILTIITL","HLA-B*07:02",0.214,0.155,"<=","I",9,TRUE,"TP53","TCGA-28-5216-01A-01D-1486-08","p.R249M",0.768115942028985,9
"MFHFWVSTF","HLA-C*07:02",0.216,1.02,"<=","I",9,TRUE,"PTEN","TCGA-27-1834-01A-01D-1494-08","p.N276S",0.490909090909091,9
"NRVRAMAIY","HLA-C*07:01",0.217,0.425,"<=","I",9,TRUE,"TP53","TCGA-06-2559-01A-01W-0837-08","p.T155N",0.444444444444444,9
"NRVRAMAIY","HLA-C*07:01",0.217,0.425,"<=","I",9,TRUE,"TP53","TCGA-06-2559-01A-01D-1494-08","p.T155N",0.410526315789474,9
"VEVNLRVEY","HLA-B*44:02",0.237,0.032,"<=","I",9,TRUE,"TP53","TCGA-06-0152-02A-01D-2280-08","p.G199V",0.40506329113924,9
"TYSPAFNKM","HLA-C*07:01",0.238,0.084,"<=","I",9,TRUE,"TP53","TCGA-19-1390-01A-01W-0922-08","p.L130F",0.651162790697674,9
"TYSPAFNKM","HLA-C*07:01",0.238,0.084,"<=","I",9,TRUE,"TP53","TCGA-19-1390-01A-01D-1495-08","p.L130F",0.604651162790698,9
"RAYLLHRGK","HLA-A*03:01",0.239,0.314,"<=","I",9,TRUE,"PTEN","TCGA-06-0155-01B-01D-1492-08","p.C136R",0.666666666666667,9
"VRGNLEITY","HLA-C*07:01",0.245,0.036,"<=","I",9,TRUE,"EGFR","TCGA-32-2632-01A-01W-0922-08","p.L62R",0.94882486732373,9
"VRGNLEITY","HLA-C*07:01",0.245,0.036,"<=","I",9,TRUE,"EGFR","TCGA-32-2632-01A-01D-1495-08","p.L62R",0.956124721603563,9
"PSQRCYVYY","HLA-A*01:01",0.251,1.677,"<=","I",9,TRUE,"PTEN","TCGA-27-2519-01A-01D-1494-08","p.R173C",0.47906976744186,9
"PSQRCYVYY","HLA-A*01:01",0.251,1.677,"<=","I",9,TRUE,"PTEN","TCGA-27-2519-01A-01W-0837-08","p.R173C",0.493273542600897,9
"PSQRCYVYY","HLA-A*01:01",0.251,1.677,"<=","I",9,TRUE,"PTEN","TCGA-06-1800-01A-01W-0643-08","p.R173C",0.578199052132701,9
"GVMIRAYLL","HLA-B*08:01",0.253,0.496,"<=","I",9,TRUE,"PTEN","TCGA-06-0155-01B-01D-1492-08","p.C136R",0.666666666666667,9
"YQRSYGFRL","HLA-C*07:01",0.254,1.004,"<=","I",9,TRUE,"TP53","TCGA-14-1034-01A-01D-1492-08","p.G105R",0.433962264150943,9
"NYMCNSSYM","HLA-A*24:02",0.259,1.894,"<=","I",9,TRUE,"TP53","TCGA-28-2509-01A-01W-0837-08","p.C242Y",0.825352112676056,9
"NYMCNSSYM","HLA-A*24:02",0.259,1.894,"<=","I",9,TRUE,"TP53","TCGA-28-2509-01A-01D-1494-08","p.C242Y",0.8,9
"MFHFWVSTF","HLA-C*07:01",0.26,1.092,"<=","I",9,TRUE,"PTEN","TCGA-27-1834-01A-01D-1494-08","p.N276S",0.490909090909091,9
"KIYNHCAER","HLA-A*03:01",0.272,0.314,"<=","I",9,TRUE,"PTEN","TCGA-19-2625-01A-01W-0922-08","p.L70H",0.658536585365854,9
"IFHFWVNTF","HLA-C*07:02",0.287,0.393,"<=","I",9,TRUE,"PTEN","TCGA-06-0875-01A-01D-1492-08","p.M270I",0.583333333333333,9
"IFHFWVNTF","HLA-C*07:02",0.287,0.393,"<=","I",9,TRUE,"PTEN","TCGA-06-0875-01A-01W-0424-08","p.M270I",0.621212121212121,9
"KFNCRFAQY","HLA-C*07:01",0.288,1.417,"<=","I",9,TRUE,"PTEN","TCGA-16-0846-01A-01W-0424-08","p.V85F",0.691729323308271,9
"KFNCRFAQY","HLA-C*07:01",0.288,1.417,"<=","I",9,TRUE,"PTEN","TCGA-16-0846-01A-01D-1492-08","p.V85F",0.588235294117647,9
"MIRAYLLHR","HLA-A*03:01",0.292,0.815,"<=","I",9,TRUE,"PTEN","TCGA-06-0155-01B-01D-1492-08","p.C136R",0.666666666666667,9
"RRNSFEVRV","HLA-C*07:01",0.313,0.265,"<=","I",9,TRUE,"TP53","TCGA-06-0195-01B-01D-1491-08","p.G266R",0.490196078431373,9
"FHFWVNIFF","HLA-C*07:01",0.313,0.758,"<=","I",9,TRUE,"PTEN","TCGA-27-1837-01A-01W-0837-08","p.T277I",0.527272727272727,9
"YPNIIAMEF","HLA-B*07:02",0.319,0.189,"<=","I",9,TRUE,"PTEN","TCGA-06-0184-01A-01D-1491-08","p.G36E",0.413223140495868,9
"ALPQHLIRV","HLA-A*02:01",0.326,0.03,"<=","I",9,TRUE,"TP53","TCGA-06-2559-01A-01W-0837-08","p.P190L",0.473684210526316,9
"ALPQHLIRV","HLA-A*02:01",0.326,0.03,"<=","I",9,TRUE,"TP53","TCGA-06-2559-01A-01D-1494-08","p.P190L",0.45679012345679,9
"YQRSYGFRL","HLA-C*07:02",0.329,1.1,"<=","I",9,TRUE,"TP53","TCGA-14-1034-01A-01D-1492-08","p.G105R",0.433962264150943,9
"TYSPALNNM","HLA-A*24:02",0.337,0.064,"<=","I",9,TRUE,"TP53","TCGA-26-5136-01B-01D-1486-08","p.K132N",0.783783783783784,9
"IRGRECFEM","HLA-C*07:02",0.358,1.21,"<=","I",9,TRUE,"TP53","TCGA-14-1034-02B-01D-2280-08","p.R337C",0.944444444444444,9
"MMFETILMF","HLA-C*07:01",0.365,0.788,"<=","I",9,TRUE,"PTEN","TCGA-06-5418-01A-01D-1486-08","p.P204L",0.524229074889868,9
"RSYGFRLGF","HLA-C*07:02",0.374,0.818,"<=","I",9,TRUE,"TP53","TCGA-14-1034-01A-01D-1492-08","p.G105R",0.433962264150943,9
"YYPALNKMF","HLA-C*07:01",0.382,0.173,"<=","I",9,TRUE,"TP53","TCGA-02-2485-01A-01D-1494-08","p.S127Y",0.477272727272727,9
"YYPALNKMF","HLA-C*07:01",0.382,0.173,"<=","I",9,TRUE,"TP53","TCGA-02-2485-01A-01W-0837-08","p.S127Y",0.413223140495868,9
"DRNTFRHSM","HLA-C*07:01",0.386,0.364,"<=","I",9,TRUE,"TP53","TCGA-02-0055-01A-01D-1490-08","p.V216M",0.59375,9
"DRNTFRHSM","HLA-C*07:01",0.386,0.364,"<=","I",9,TRUE,"TP53","TCGA-27-1835-01A-01D-1494-08","p.V216M",0.743589743589744,9
"NYMFNSSCM","HLA-A*24:02",0.39,1.702,"<=","I",9,TRUE,"TP53","TCGA-06-6694-01A-12D-1845-08","p.C238F",0.709677419354839,9
"NRRPILTSI","HLA-C*07:01",0.411,0.318,"<=","I",9,TRUE,"TP53","TCGA-32-2634-01A-01D-1495-08","p.I254S",0.8125,9
"NRRPILTSI","HLA-C*07:01",0.411,0.318,"<=","I",9,TRUE,"TP53","TCGA-32-2634-01A-01W-0922-08","p.I254S",0.859259259259259,9
"KMFHFWVNI","HLA-A*24:02",0.418,1.915,"<=","I",9,TRUE,"PTEN","TCGA-27-1837-01A-01W-0837-08","p.T277I",0.527272727272727,9
"FMYFEFPQL","HLA-C*07:02",0.421,1.009,"<=","I",9,TRUE,"PTEN","TCGA-06-0875-01A-01D-1492-08","p.P246L",0.66304347826087,9
"FMYFEFPQL","HLA-C*07:02",0.421,1.009,"<=","I",9,TRUE,"PTEN","TCGA-06-0875-01A-01W-0424-08","p.P246L",0.744318181818182,9
"TPILTIITL","HLA-B*07:02",0.425,0.127,"<=","I",9,TRUE,"TP53","TCGA-76-4925-01A-01D-1486-08","p.R249T",0.679245283018868,9
"MMFETILMF","HLA-C*07:02",0.443,1.077,"<=","I",9,TRUE,"PTEN","TCGA-06-5418-01A-01D-1486-08","p.P204L",0.524229074889868,9
"DRNTFRHSM","HLA-C*07:02",0.451,0.391,"<=","I",9,TRUE,"TP53","TCGA-02-0055-01A-01D-1490-08","p.V216M",0.59375,9
"DRNTFRHSM","HLA-C*07:02",0.451,0.391,"<=","I",9,TRUE,"TP53","TCGA-27-1835-01A-01D-1494-08","p.V216M",0.743589743589744,9
"AGKERTGVM","HLA-B*08:01",0.464,0.241,"<=","I",9,TRUE,"PTEN","TCGA-32-5222-01A-01D-1486-08","p.G129E",0.614864864864865,9
"KFNCRFAQY","HLA-C*07:02",0.468,0.999,"<=","I",9,TRUE,"PTEN","TCGA-16-0846-01A-01W-0424-08","p.V85F",0.691729323308271,9
"KFNCRFAQY","HLA-C*07:02",0.468,0.999,"<=","I",9,TRUE,"PTEN","TCGA-16-0846-01A-01D-1492-08","p.V85F",0.588235294117647,9
"NRTPILTII","HLA-C*07:02",0.474,0.271,"<=","I",9,TRUE,"TP53","TCGA-76-4925-01A-01D-1486-08","p.R249T",0.679245283018868,9
"YQRSYGFRL","HLA-B*08:01",0.483,1.165,"<=","I",9,TRUE,"TP53","TCGA-14-1034-01A-01D-1492-08","p.G105R",0.433962264150943,9
"SSYMGGMNR","HLA-A*03:01",0.488,0.345,"<=","I",9,TRUE,"TP53","TCGA-28-2509-01A-01W-0837-08","p.C242Y",0.825352112676056,9
"SSYMGGMNR","HLA-A*03:01",0.488,0.345,"<=","I",9,TRUE,"TP53","TCGA-28-2509-01A-01D-1494-08","p.C242Y",0.8,9
"IRGRECFEM","HLA-C*07:01",0.488,1.77,"<=","I",9,TRUE,"TP53","TCGA-14-1034-02B-01D-2280-08","p.R337C",0.944444444444444,9
"YALAVLFNY","HLA-A*01:01",0.492,1.064,"<=","I",9,TRUE,"EGFR","TCGA-14-1827-01A-01W-0643-08","p.S123F",0.973006134969325,9
"MMFETILMF","HLA-A*02:01",0.517,0.979,"<=","I",9,TRUE,"PTEN","TCGA-06-5418-01A-01D-1486-08","p.P204L",0.524229074889868,9
"HFWVSTFFI","HLA-A*24:02",0.519,1.957,"<=","I",9,TRUE,"PTEN","TCGA-27-1834-01A-01D-1494-08","p.N276S",0.490909090909091,9
"NRTPILTII","HLA-C*07:01",0.531,0.249,"<=","I",9,TRUE,"TP53","TCGA-76-4925-01A-01D-1486-08","p.R249T",0.679245283018868,9
"KGRTGVMIY","HLA-C*07:01",0.532,0.984,"<=","I",9,TRUE,"PTEN","TCGA-27-2526-01A-01W-0837-08","p.C136Y",0.658385093167702,9
"KGRTGVMIY","HLA-C*07:01",0.532,0.984,"<=","I",9,TRUE,"PTEN","TCGA-27-2526-01A-01D-1494-08","p.C136Y",0.725806451612903,9
"IFHFWVNTF","HLA-C*07:01",0.534,0.496,"<=","I",9,TRUE,"PTEN","TCGA-06-0875-01A-01D-1492-08","p.M270I",0.583333333333333,9
"IFHFWVNTF","HLA-C*07:01",0.534,0.496,"<=","I",9,TRUE,"PTEN","TCGA-06-0875-01A-01W-0424-08","p.M270I",0.621212121212121,9
"YSFGVTCVK","HLA-A*03:01",0.556,1.273,"<=","I",9,TRUE,"EGFR","TCGA-06-0747-01A-01D-1492-08","p.A289V",0.960736196319018,9
"YSFGVTCVK","HLA-A*03:01",0.556,1.273,"<=","I",9,TRUE,"EGFR","TCGA-06-0747-01A-01W-0348-08","p.A289V",0.967007963594994,9
"YSFGVTCVK","HLA-A*03:01",0.556,1.273,"<=","I",9,TRUE,"EGFR","TCGA-32-1970-01A-01D-1494-08","p.A289V",0.538834951456311,9
"YSFGVTCVK","HLA-A*03:01",0.556,1.273,"<=","I",9,TRUE,"EGFR","TCGA-14-0786-01B-01D-1492-08","p.A289V",0.837749782797567,9
"YSFGVTCVK","HLA-A*03:01",0.556,1.273,"<=","I",9,TRUE,"EGFR","TCGA-32-1970-01A-01W-0837-08","p.A289V",0.485256078634247,9
"YSFGVTCVK","HLA-A*03:01",0.556,1.273,"<=","I",9,TRUE,"EGFR","TCGA-14-0790-01B-01W-0837-08","p.A289V",0.941919191919192,9
"YSFGVTCVK","HLA-A*03:01",0.556,1.273,"<=","I",9,TRUE,"EGFR","TCGA-14-0790-01B-01D-1494-08","p.A289V",0.934833725226738,9
"YSFGVTCVK","HLA-A*03:01",0.556,1.273,"<=","I",9,TRUE,"EGFR","TCGA-06-0157-01A-01D-1491-08","p.A289V",0.927822580645161,9
"YSFGVTCVK","HLA-A*03:01",0.556,1.273,"<=","I",9,TRUE,"EGFR","TCGA-06-5856-01A-01D-1696-08","p.A289V",0.549044585987261,9
"NSYALAVLF","HLA-C*07:01",0.556,1.443,"<=","I",9,TRUE,"EGFR","TCGA-14-1827-01A-01W-0643-08","p.S123F",0.973006134969325,9
"YSFGTTCVK","HLA-A*03:01",0.56,1.311,"<=","I",9,TRUE,"EGFR","TCGA-06-0749-01A-01W-0348-08","p.A289T",0.444444444444444,9
"NRRPILTSI","HLA-C*07:02",0.581,0.43,"<=","I",9,TRUE,"TP53","TCGA-32-2634-01A-01D-1495-08","p.I254S",0.8125,9
"NRRPILTSI","HLA-C*07:02",0.581,0.43,"<=","I",9,TRUE,"TP53","TCGA-32-2634-01A-01W-0922-08","p.I254S",0.859259259259259,9
"TYSPALNNM","HLA-C*07:01",0.588,0.191,"<=","I",9,TRUE,"TP53","TCGA-26-5136-01B-01D-1486-08","p.K132N",0.783783783783784,9
"ALNNMFCQL","HLA-A*02:01",0.6,0.961,"<=","I",9,TRUE,"TP53","TCGA-26-5136-01B-01D-1486-08","p.K132N",0.783783783783784,9
"KYSFGVTCV","HLA-A*24:02",0.605,0.991,"<=","I",9,TRUE,"EGFR","TCGA-06-0747-01A-01D-1492-08","p.A289V",0.960736196319018,9
"KYSFGVTCV","HLA-A*24:02",0.605,0.991,"<=","I",9,TRUE,"EGFR","TCGA-06-0747-01A-01W-0348-08","p.A289V",0.967007963594994,9
"KYSFGVTCV","HLA-A*24:02",0.605,0.991,"<=","I",9,TRUE,"EGFR","TCGA-32-1970-01A-01D-1494-08","p.A289V",0.538834951456311,9
"KYSFGVTCV","HLA-A*24:02",0.605,0.991,"<=","I",9,TRUE,"EGFR","TCGA-14-0786-01B-01D-1492-08","p.A289V",0.837749782797567,9
"KYSFGVTCV","HLA-A*24:02",0.605,0.991,"<=","I",9,TRUE,"EGFR","TCGA-32-1970-01A-01W-0837-08","p.A289V",0.485256078634247,9
"KYSFGVTCV","HLA-A*24:02",0.605,0.991,"<=","I",9,TRUE,"EGFR","TCGA-14-0790-01B-01W-0837-08","p.A289V",0.941919191919192,9
"KYSFGVTCV","HLA-A*24:02",0.605,0.991,"<=","I",9,TRUE,"EGFR","TCGA-14-0790-01B-01D-1494-08","p.A289V",0.934833725226738,9
"KYSFGVTCV","HLA-A*24:02",0.605,0.991,"<=","I",9,TRUE,"EGFR","TCGA-06-0157-01A-01D-1491-08","p.A289V",0.927822580645161,9
"KYSFGVTCV","HLA-A*24:02",0.605,0.991,"<=","I",9,TRUE,"EGFR","TCGA-06-5856-01A-01D-1696-08","p.A289V",0.549044585987261,9
"TTIHYNYMF","HLA-A*24:02",0.607,0.937,"<=","I",9,TRUE,"TP53","TCGA-06-6694-01A-12D-1845-08","p.C238F",0.709677419354839,9
"VTIPSQRCY","HLA-A*01:01",0.617,0.375,"<=","I",9,TRUE,"PTEN","TCGA-27-2519-01A-01D-1494-08","p.R173C",0.47906976744186,9
"VTIPSQRCY","HLA-A*01:01",0.617,0.375,"<=","I",9,TRUE,"PTEN","TCGA-27-2519-01A-01W-0837-08","p.R173C",0.493273542600897,9
"VTIPSQRCY","HLA-A*01:01",0.617,0.375,"<=","I",9,TRUE,"PTEN","TCGA-06-1800-01A-01W-0643-08","p.R173C",0.578199052132701,9
"KYSFGTTCV","HLA-A*24:02",0.621,1.182,"<=","I",9,TRUE,"EGFR","TCGA-06-0749-01A-01W-0348-08","p.A289T",0.444444444444444,9
"YPNIIAMEF","HLA-C*07:01",0.625,0.368,"<=","I",9,TRUE,"PTEN","TCGA-06-0184-01A-01D-1491-08","p.G36E",0.413223140495868,9
"VMIRAYLLH","HLA-A*03:01",0.639,1.074,"<=","I",9,TRUE,"PTEN","TCGA-06-0155-01B-01D-1492-08","p.C136R",0.666666666666667,9
"NYMYNSSCM","HLA-A*24:02",0.642,1.99,"<=","I",9,TRUE,"TP53","TCGA-12-0618-01A-01D-1492-08","p.C238Y",0.897959183673469,9
"DAGHVCHLY","HLA-A*01:01",0.649,0.789,"<=","I",9,TRUE,"EGFR","TCGA-02-0003-01A-01D-1490-08","p.C620Y",0.440535039255598,9
"GNLLRRNSF","HLA-B*08:01",0.652,0.793,"<=","I",9,TRUE,"TP53","TCGA-06-0195-01B-01D-1491-08","p.G266R",0.490196078431373,9
"SQKTYQRSY","HLA-C*07:01",0.655,0.639,"<=","I",9,TRUE,"TP53","TCGA-14-1034-01A-01D-1492-08","p.G105R",0.433962264150943,9
"FMYFEFPQL","HLA-B*08:01",0.658,0.942,"<=","I",9,TRUE,"PTEN","TCGA-06-0875-01A-01D-1492-08","p.P246L",0.66304347826087,9
"FMYFEFPQL","HLA-B*08:01",0.658,0.942,"<=","I",9,TRUE,"PTEN","TCGA-06-0875-01A-01W-0424-08","p.P246L",0.744318181818182,9
"GGMNRTPIL","HLA-B*08:01",0.671,0.763,"<=","I",9,TRUE,"TP53","TCGA-76-4925-01A-01D-1486-08","p.R249T",0.679245283018868,9
"KTYQRSYGF","HLA-A*24:02",0.681,0.902,"<=","I",9,TRUE,"TP53","TCGA-14-1034-01A-01D-1492-08","p.G105R",0.433962264150943,9
"NTFRHSMVV","HLA-B*08:01",0.688,1.543,"<=","I",9,TRUE,"TP53","TCGA-02-0055-01A-01D-1490-08","p.V216M",0.59375,9
"NTFRHSMVV","HLA-B*08:01",0.688,1.543,"<=","I",9,TRUE,"TP53","TCGA-27-1835-01A-01D-1494-08","p.V216M",0.743589743589744,9
"GYPTNGPKI","HLA-A*24:02",0.693,0.236,"<=","I",9,TRUE,"EGFR","TCGA-15-0742-01A-01W-0348-08","p.C636Y",0.964856230031949,9
"GYPTNGPKI","HLA-A*24:02",0.693,0.236,"<=","I",9,TRUE,"EGFR","TCGA-15-0742-01A-01D-1492-08","p.C636Y",0.953170028818444,9
"MNRMPILTI","HLA-B*08:01",0.704,1.135,"<=","I",9,TRUE,"TP53","TCGA-28-5216-01A-01D-1486-08","p.R249M",0.768115942028985,9
"HFWVNIFFI","HLA-A*24:02",0.735,1.692,"<=","I",9,TRUE,"PTEN","TCGA-27-1837-01A-01W-0837-08","p.T277I",0.527272727272727,9
"RTGVMIRAY","HLA-A*01:01",0.757,0.697,"<=","I",9,TRUE,"PTEN","TCGA-06-0155-01B-01D-1492-08","p.C136R",0.666666666666667,9
"PAERVEGVY","HLA-A*01:01",0.757,0.591,"<=","I",9,TRUE,"PTEN","TCGA-28-5216-01A-01D-1486-08","p.L42V",0.69672131147541,9
"FHFWVSTFF","HLA-A*24:02",0.787,1.351,"<=","I",9,TRUE,"PTEN","TCGA-27-1834-01A-01D-1494-08","p.N276S",0.490909090909091,9
"YPNIIAMEF","HLA-C*07:02",0.79,0.574,"<=","I",9,TRUE,"PTEN","TCGA-06-0184-01A-01D-1491-08","p.G36E",0.413223140495868,9
"RSYGFRLGF","HLA-A*24:02",0.791,1.124,"<=","I",9,TRUE,"TP53","TCGA-14-1034-01A-01D-1492-08","p.G105R",0.433962264150943,9
"YSPAFNKMF","HLA-C*07:02",0.795,1.051,"<=","I",9,TRUE,"TP53","TCGA-19-1390-01A-01W-0922-08","p.L130F",0.651162790697674,9
"YSPAFNKMF","HLA-C*07:02",0.795,1.051,"<=","I",9,TRUE,"TP53","TCGA-19-1390-01A-01D-1495-08","p.L130F",0.604651162790698,9
"HLYHPNCTY","HLA-A*03:01",0.816,0.867,"<=","I",9,TRUE,"EGFR","TCGA-02-0003-01A-01D-1490-08","p.C620Y",0.440535039255598,9
"RTGVMIRAY","HLA-C*07:01",0.831,1.306,"<=","I",9,TRUE,"PTEN","TCGA-06-0155-01B-01D-1492-08","p.C136R",0.666666666666667,9
"GGMNRMPIL","HLA-B*08:01",0.843,1.045,"<=","I",9,TRUE,"TP53","TCGA-28-5216-01A-01D-1486-08","p.R249M",0.768115942028985,9
"TYGFTGPGL","HLA-A*24:02",0.844,0.487,"<=","I",9,TRUE,"EGFR","TCGA-26-5139-01A-01D-1486-08","p.C628F",0.825141365811222,9
"YSPALNNMF","HLA-A*24:02",0.853,0.661,"<=","I",9,TRUE,"TP53","TCGA-26-5136-01B-01D-1486-08","p.K132N",0.783783783783784,9
"MPILTIITL","HLA-B*08:01",0.858,0.24,"<=","I",9,TRUE,"TP53","TCGA-28-5216-01A-01D-1486-08","p.R249M",0.768115942028985,9
"YAYLLHRGK","HLA-A*03:01",0.863,1.091,"<=","I",9,TRUE,"PTEN","TCGA-27-2526-01A-01W-0837-08","p.C136Y",0.658385093167702,9
"YAYLLHRGK","HLA-A*03:01",0.863,1.091,"<=","I",9,TRUE,"PTEN","TCGA-27-2526-01A-01D-1494-08","p.C136Y",0.725806451612903,9
"DRNTFRHSM","HLA-B*08:01",0.874,0.392,"<=","I",9,TRUE,"TP53","TCGA-02-0055-01A-01D-1490-08","p.V216M",0.59375,9
"DRNTFRHSM","HLA-B*08:01",0.874,0.392,"<=","I",9,TRUE,"TP53","TCGA-27-1835-01A-01D-1494-08","p.V216M",0.743589743589744,9
"PAERLEDVY","HLA-A*01:01",0.875,0.604,"<=","I",9,TRUE,"PTEN","TCGA-06-1804-01A-01D-1696-08","p.G44D",0.764705882352941,9
"YSPALNNMF","HLA-C*07:02",0.896,0.948,"<=","I",9,TRUE,"TP53","TCGA-26-5136-01B-01D-1486-08","p.K132N",0.783783783783784,9
"VMIYAYLLH","HLA-A*03:01",0.899,1.903,"<=","I",9,TRUE,"PTEN","TCGA-27-2526-01A-01W-0837-08","p.C136Y",0.658385093167702,9
"VMIYAYLLH","HLA-A*03:01",0.899,1.903,"<=","I",9,TRUE,"PTEN","TCGA-27-2526-01A-01D-1494-08","p.C136Y",0.725806451612903,9
"NWRPILTII","HLA-A*24:02",0.906,0.72,"<=","I",9,TRUE,"TP53","TCGA-06-0876-01A-01W-0424-08","p.R248W",0.491620111731844,9
"NWRPILTII","HLA-A*24:02",0.906,0.72,"<=","I",9,TRUE,"TP53","TCGA-12-3644-01A-01W-0922-08","p.R248W",0.856846473029046,9
"FPAERVEGV","HLA-B*07:02",0.908,0.47,"<=","I",9,TRUE,"PTEN","TCGA-28-5216-01A-01D-1486-08","p.L42V",0.69672131147541,9
"AFNKMFCQL","HLA-A*24:02",0.928,1.007,"<=","I",9,TRUE,"TP53","TCGA-19-1390-01A-01W-0922-08","p.L130F",0.651162790697674,9
"AFNKMFCQL","HLA-A*24:02",0.928,1.007,"<=","I",9,TRUE,"TP53","TCGA-19-1390-01A-01D-1495-08","p.L130F",0.604651162790698,9
"HLYHPNCTY","HLA-C*07:01",0.946,1.779,"<=","I",9,TRUE,"EGFR","TCGA-02-0003-01A-01D-1490-08","p.C620Y",0.440535039255598,9
"QIIKGNMYY","HLA-A*03:01",0.976,0.497,"<=","I",9,TRUE,"EGFR","TCGA-27-1831-01A-01D-1494-08","p.R108K",0.430212397052449,9
"QIIKGNMYY","HLA-A*03:01",0.976,0.497,"<=","I",9,TRUE,"EGFR","TCGA-27-1831-01A-01W-0837-08","p.R108K",0.401110713006091,9
"QIIKGNMYY","HLA-A*03:01",0.976,0.497,"<=","I",9,TRUE,"EGFR","TCGA-06-2565-01A-01D-1494-08","p.R108K",0.94123556002009,9
"TTIHYNYMY","HLA-C*07:01",0.99,1.319,"<=","I",9,TRUE,"TP53","TCGA-12-0618-01A-01D-1492-08","p.C238Y",0.897959183673469,9
"KTYQRSYGF","HLA-C*07:02",1.042,1.343,"<=","I",9,TRUE,"TP53","TCGA-14-1034-01A-01D-1492-08","p.G105R",0.433962264150943,9
"APPQRLIRV","HLA-B*07:02",1.054,0.398,"<=","I",9,TRUE,"TP53","TCGA-12-0691-01A-01W-0348-08","p.H193R",0.779220779220779,9
"YALAVLFNY","HLA-C*07:01",1.056,1.443,"<=","I",9,TRUE,"EGFR","TCGA-14-1827-01A-01W-0643-08","p.S123F",0.973006134969325,9
"EVNLRVEYL","HLA-B*08:01",1.068,0.088,"<=","I",9,TRUE,"TP53","TCGA-06-0152-02A-01D-2280-08","p.G199V",0.40506329113924,9
"SQKTYQRSY","HLA-C*07:02",1.072,1.184,"<=","I",9,TRUE,"TP53","TCGA-14-1034-01A-01D-1492-08","p.G105R",0.433962264150943,9
"FPAERLEDV","HLA-B*07:02",1.075,0.737,"<=","I",9,TRUE,"PTEN","TCGA-06-1804-01A-01D-1696-08","p.G44D",0.764705882352941,9
"IRVEVNLRV","HLA-C*07:01",1.103,0.326,"<=","I",9,TRUE,"TP53","TCGA-06-0152-02A-01D-2280-08","p.G199V",0.40506329113924,9
"AAIYCKAGK","HLA-A*03:01",1.112,1.836,"<=","I",9,TRUE,"PTEN","TCGA-14-0813-01A-01D-1492-08","p.H123Y",0.510791366906475,9
"NSYALAVLF","HLA-A*24:02",1.116,1.605,"<=","I",9,TRUE,"EGFR","TCGA-14-1827-01A-01W-0643-08","p.S123F",0.973006134969325,9
"IRVEVNLRV","HLA-C*07:02",1.124,0.403,"<=","I",9,TRUE,"TP53","TCGA-06-0152-02A-01D-2280-08","p.G199V",0.40506329113924,9
"NSYALAVLF","HLA-C*07:02",1.133,1.964,"<=","I",9,TRUE,"EGFR","TCGA-14-1827-01A-01W-0643-08","p.S123F",0.973006134969325,9
"RRNSFEVRV","HLA-C*07:02",1.156,0.739,"<=","I",9,TRUE,"TP53","TCGA-06-0195-01B-01D-1491-08","p.G266R",0.490196078431373,9
"QIIKGNMYY","HLA-A*01:01",1.182,0.419,"<=","I",9,TRUE,"EGFR","TCGA-27-1831-01A-01D-1494-08","p.R108K",0.430212397052449,9
"QIIKGNMYY","HLA-A*01:01",1.182,0.419,"<=","I",9,TRUE,"EGFR","TCGA-27-1831-01A-01W-0837-08","p.R108K",0.401110713006091,9
"QIIKGNMYY","HLA-A*01:01",1.182,0.419,"<=","I",9,TRUE,"EGFR","TCGA-06-2565-01A-01D-1494-08","p.R108K",0.94123556002009,9
"AGKGRAGVM","HLA-B*08:01",1.211,0.836,"<=","I",9,TRUE,"PTEN","TCGA-02-0055-01A-01D-1490-08","p.T131A",0.507853403141361,9
"RSYGFRLGF","HLA-A*03:01",1.238,1.38,"<=","I",9,TRUE,"TP53","TCGA-14-1034-01A-01D-1492-08","p.G105R",0.433962264150943,9
"TYGFTGPGL","HLA-C*07:02",1.25,1.51,"<=","I",9,TRUE,"EGFR","TCGA-26-5139-01A-01D-1486-08","p.C628F",0.825141365811222,9
"RTDVMICAY","HLA-C*07:01",1.252,1.674,"<=","I",9,TRUE,"PTEN","TCGA-06-0187-01A-01D-1491-08","p.G132D",0.607142857142857,9
"ELIKPFCEY","HLA-A*01:01",1.258,0.85,"<=","I",9,TRUE,"PTEN","TCGA-32-2634-01A-01D-1495-08","p.D107Y",0.637254901960784,9
"ELIKPFCEY","HLA-A*01:01",1.258,0.85,"<=","I",9,TRUE,"PTEN","TCGA-32-2634-01A-01W-0922-08","p.D107Y",0.728915662650602,9
"PPGNRVRAM","HLA-B*07:02",1.281,0.986,"<=","I",9,TRUE,"TP53","TCGA-06-2559-01A-01W-0837-08","p.T155N",0.444444444444444,9
"PPGNRVRAM","HLA-B*07:02",1.281,0.986,"<=","I",9,TRUE,"TP53","TCGA-06-2559-01A-01D-1494-08","p.T155N",0.410526315789474,9
"HLYHPNCTY","HLA-A*01:01",1.305,0.931,"<=","I",9,TRUE,"EGFR","TCGA-02-0003-01A-01D-1490-08","p.C620Y",0.440535039255598,9
"EHNPPQLEL","HLA-C*07:02",1.314,0.304,"<=","I",9,TRUE,"PTEN","TCGA-06-0190-02A-01D-2280-08","p.D92E",0.488372093023256,9
"YSPAFNKMF","HLA-A*24:02",1.32,0.857,"<=","I",9,TRUE,"TP53","TCGA-19-1390-01A-01W-0922-08","p.L130F",0.651162790697674,9
"YSPAFNKMF","HLA-A*24:02",1.32,0.857,"<=","I",9,TRUE,"TP53","TCGA-19-1390-01A-01D-1495-08","p.L130F",0.604651162790698,9
"AGKGGTGVM","HLA-B*07:02",1.328,1.214,"<=","I",9,TRUE,"PTEN","TCGA-06-0210-02A-01D-2280-08","p.R130G",0.439024390243902,9
"GTRVPAMAI","HLA-B*07:02",1.33,1.6,"<=","I",9,TRUE,"TP53","TCGA-12-0773-01A-01W-0348-08","p.R158P",0.836363636363636,9
"YSPAFNKMF","HLA-C*07:01",1.351,1.341,"<=","I",9,TRUE,"TP53","TCGA-19-1390-01A-01W-0922-08","p.L130F",0.651162790697674,9
"YSPAFNKMF","HLA-C*07:01",1.351,1.341,"<=","I",9,TRUE,"TP53","TCGA-19-1390-01A-01D-1495-08","p.L130F",0.604651162790698,9
"TTIHYNYMF","HLA-C*07:01",1.36,1.764,"<=","I",9,TRUE,"TP53","TCGA-06-6694-01A-12D-1845-08","p.C238F",0.709677419354839,9
"ITDFGLAKQ","HLA-A*01:01",1.377,1.033,"<=","I",9,TRUE,"EGFR","TCGA-12-0657-01A-01W-0348-08","p.L861Q",0.455401387512389,9
"LKKDKIFHF","HLA-C*07:02",1.408,0.48,"<=","I",9,TRUE,"PTEN","TCGA-06-0875-01A-01D-1492-08","p.M270I",0.583333333333333,9
"LKKDKIFHF","HLA-C*07:02",1.408,0.48,"<=","I",9,TRUE,"PTEN","TCGA-06-0875-01A-01W-0424-08","p.M270I",0.621212121212121,9
"FPAERVEGV","HLA-B*08:01",1.462,0.379,"<=","I",9,TRUE,"PTEN","TCGA-28-5216-01A-01D-1486-08","p.L42V",0.69672131147541,9
"HLIRVEVNL","HLA-A*02:01",1.47,0.189,"<=","I",9,TRUE,"TP53","TCGA-06-0152-02A-01D-2280-08","p.G199V",0.40506329113924,9
"NRRPILTSI","HLA-B*08:01",1.497,0.662,"<=","I",9,TRUE,"TP53","TCGA-32-2634-01A-01D-1495-08","p.I254S",0.8125,9
"NRRPILTSI","HLA-B*08:01",1.497,0.662,"<=","I",9,TRUE,"TP53","TCGA-32-2634-01A-01W-0922-08","p.I254S",0.859259259259259,9
"LKKDKIFHF","HLA-C*07:01",1.54,0.318,"<=","I",9,TRUE,"PTEN","TCGA-06-0875-01A-01D-1492-08","p.M270I",0.583333333333333,9
"LKKDKIFHF","HLA-C*07:01",1.54,0.318,"<=","I",9,TRUE,"PTEN","TCGA-06-0875-01A-01W-0424-08","p.M270I",0.621212121212121,9
"VTIPSQRCY","HLA-C*07:01",1.548,1.467,"<=","I",9,TRUE,"PTEN","TCGA-27-2519-01A-01D-1494-08","p.R173C",0.47906976744186,9
"VTIPSQRCY","HLA-C*07:01",1.548,1.467,"<=","I",9,TRUE,"PTEN","TCGA-27-2519-01A-01W-0837-08","p.R173C",0.493273542600897,9
"VTIPSQRCY","HLA-C*07:01",1.548,1.467,"<=","I",9,TRUE,"PTEN","TCGA-06-1800-01A-01W-0643-08","p.R173C",0.578199052132701,9
"YSPALNNMF","HLA-A*01:01",1.562,1.645,"<=","I",9,TRUE,"TP53","TCGA-26-5136-01B-01D-1486-08","p.K132N",0.783783783783784,9
"FPAERLEDV","HLA-B*08:01",1.568,0.665,"<=","I",9,TRUE,"PTEN","TCGA-06-1804-01A-01D-1696-08","p.G44D",0.764705882352941,9
"AGKGRTDVM","HLA-B*08:01",1.572,0.417,"<=","I",9,TRUE,"PTEN","TCGA-06-0187-01A-01D-1491-08","p.G132D",0.607142857142857,9
"ALDFYGEVK","HLA-A*03:01",1.583,0.934,"<=","I",9,TRUE,"PTEN","TCGA-06-0195-01B-01D-1491-08","p.R159K",0.794117647058823,9
"YALAVLFNY","HLA-C*07:02",1.6,1.686,"<=","I",9,TRUE,"EGFR","TCGA-14-1827-01A-01W-0643-08","p.S123F",0.973006134969325,9
"PPGTRVPAM","HLA-B*07:02",1.621,1.071,"<=","I",9,TRUE,"TP53","TCGA-12-0773-01A-01W-0348-08","p.R158P",0.836363636363636,9
"VEGVYRNNI","HLA-B*44:02",1.65,1.245,"<=","I",9,TRUE,"PTEN","TCGA-28-5216-01A-01D-1486-08","p.L42V",0.69672131147541,9
"MNRTPILTI","HLA-B*08:01",1.68,1.303,"<=","I",9,TRUE,"TP53","TCGA-76-4925-01A-01D-1486-08","p.R249T",0.679245283018868,9
"EHNPPQLEL","HLA-C*07:01",1.705,0.343,"<=","I",9,TRUE,"PTEN","TCGA-06-0190-02A-01D-2280-08","p.D92E",0.488372093023256,9
"FHFWVNIFF","HLA-A*24:02",1.771,1.691,"<=","I",9,TRUE,"PTEN","TCGA-27-1837-01A-01W-0837-08","p.T277I",0.527272727272727,9
"YSPALNNMF","HLA-C*07:01",1.771,1.377,"<=","I",9,TRUE,"TP53","TCGA-26-5136-01B-01D-1486-08","p.K132N",0.783783783783784,9
"GPKIPCIAT","HLA-B*07:02",1.773,1.401,"<=","I",9,TRUE,"EGFR","TCGA-12-0829-01A-01W-0424-08","p.S645C",0.757294429708223,9
"AGKERTGVM","HLA-B*07:02",1.816,1.59,"<=","I",9,TRUE,"PTEN","TCGA-32-5222-01A-01D-1486-08","p.G129E",0.614864864864865,9
"RTGVMIYAY","HLA-A*03:01",1.819,1.732,"<=","I",9,TRUE,"PTEN","TCGA-27-2526-01A-01W-0837-08","p.C136Y",0.658385093167702,9
"RTGVMIYAY","HLA-A*03:01",1.819,1.732,"<=","I",9,TRUE,"PTEN","TCGA-27-2526-01A-01D-1494-08","p.C136Y",0.725806451612903,9
"YPNIIAMEF","HLA-B*08:01",1.827,0.265,"<=","I",9,TRUE,"PTEN","TCGA-06-0184-01A-01D-1491-08","p.G36E",0.413223140495868,9
"RTGVMIRAY","HLA-A*03:01",1.866,1.213,"<=","I",9,TRUE,"PTEN","TCGA-06-0155-01B-01D-1492-08","p.C136R",0.666666666666667,9
"KTYQRSYGF","HLA-A*03:01",1.934,1.63,"<=","I",9,TRUE,"TP53","TCGA-14-1034-01A-01D-1492-08","p.G105R",0.433962264150943,9
"TTIHYNYMY","HLA-C*07:02",1.951,1.998,"<=","I",9,TRUE,"TP53","TCGA-12-0618-01A-01D-1492-08","p.C238Y",0.897959183673469,9
"SVDNPHMCR","HLA-A*03:01",1.961,0.938,"<=","I",9,TRUE,"EGFR","TCGA-12-1600-01A-01W-0643-08","p.V774M",0.475814412635735,9
"LIKPFCEYL","HLA-B*08:01",2.05,1.972,"<=","I",9,TRUE,"PTEN","TCGA-32-2634-01A-01D-1495-08","p.D107Y",0.637254901960784,9
"LIKPFCEYL","HLA-B*08:01",2.05,1.972,"<=","I",9,TRUE,"PTEN","TCGA-32-2634-01A-01W-0922-08","p.D107Y",0.728915662650602,9
"LIKPFCEHL","HLA-B*08:01",2.109,1.318,"<=","I",9,TRUE,"PTEN","TCGA-06-0216-01B-01D-1492-08","p.D107H",0.738095238095238,9
"SQKTYQRSY","HLA-B*44:02",2.226,0.742,"<=","I",9,TRUE,"TP53","TCGA-14-1034-01A-01D-1492-08","p.G105R",0.433962264150943,9
"AGKGQTGVM","HLA-B*07:02",2.239,1.904,"<=","I",9,TRUE,"PTEN","TCGA-41-3915-01A-01D-1353-08","p.R130Q",0.703125,9
"AMGFPAERV","HLA-A*02:01",2.242,0.804,"<=","I",9,TRUE,"PTEN","TCGA-28-5216-01A-01D-1486-08","p.L42V",0.69672131147541,9
"VVPCEPPEV","HLA-A*02:01",2.246,0.891,"<=","I",9,TRUE,"TP53","TCGA-06-1087-01A-02W-0611-08","p.Y220C",0.422442244224422,9
"LEDVYRNNI","HLA-B*44:02",2.248,1.185,"<=","I",9,TRUE,"PTEN","TCGA-06-1804-01A-01D-1696-08","p.G44D",0.764705882352941,9
"PFCEYLDQW","HLA-A*24:02",2.341,1.623,"<=","I",9,TRUE,"PTEN","TCGA-32-2634-01A-01D-1495-08","p.D107Y",0.637254901960784,9
"PFCEYLDQW","HLA-A*24:02",2.341,1.623,"<=","I",9,TRUE,"PTEN","TCGA-32-2634-01A-01W-0922-08","p.D107Y",0.728915662650602,9
"SVDNPHMCR","HLA-A*01:01",2.354,1.206,"<=","I",9,TRUE,"EGFR","TCGA-12-1600-01A-01W-0643-08","p.V774M",0.475814412635735,9
"LEGVHRNNI","HLA-B*44:02",2.374,1.822,"<=","I",9,TRUE,"PTEN","TCGA-06-0876-01A-01D-1492-08","p.Y46H",0.698630136986301,9
"LEGVHRNNI","HLA-B*44:02",2.374,1.822,"<=","I",9,TRUE,"PTEN","TCGA-06-0876-01A-01W-0424-08","p.Y46H",0.714285714285714,9
"HRNNIDDVV","HLA-C*07:01",2.429,1.961,"<=","I",9,TRUE,"PTEN","TCGA-06-0876-01A-01D-1492-08","p.Y46H",0.698630136986301,9
"HRNNIDDVV","HLA-C*07:01",2.429,1.961,"<=","I",9,TRUE,"PTEN","TCGA-06-0876-01A-01W-0424-08","p.Y46H",0.714285714285714,9
"QIIKGNMYY","HLA-C*07:01",2.437,0.967,"<=","I",9,TRUE,"EGFR","TCGA-27-1831-01A-01D-1494-08","p.R108K",0.430212397052449,9
"QIIKGNMYY","HLA-C*07:01",2.437,0.967,"<=","I",9,TRUE,"EGFR","TCGA-27-1831-01A-01W-0837-08","p.R108K",0.401110713006091,9
"QIIKGNMYY","HLA-C*07:01",2.437,0.967,"<=","I",9,TRUE,"EGFR","TCGA-06-2565-01A-01D-1494-08","p.R108K",0.94123556002009,9
"RPILTSITL","HLA-B*08:01",2.454,0.396,"<=","I",9,TRUE,"TP53","TCGA-32-2634-01A-01D-1495-08","p.I254S",0.8125,9
"RPILTSITL","HLA-B*08:01",2.454,0.396,"<=","I",9,TRUE,"TP53","TCGA-32-2634-01A-01W-0922-08","p.I254S",0.859259259259259,9
"RPILTSITL","HLA-C*07:01",2.471,1.522,"<=","I",9,TRUE,"TP53","TCGA-32-2634-01A-01D-1495-08","p.I254S",0.8125,9
"RPILTSITL","HLA-C*07:01",2.471,1.522,"<=","I",9,TRUE,"TP53","TCGA-32-2634-01A-01W-0922-08","p.I254S",0.859259259259259,9
"NKMLKKDKI","HLA-B*08:01",2.475,1.007,"<=","I",9,TRUE,"PTEN","TCGA-06-0875-01A-01D-1492-08","p.M270I",0.583333333333333,9
"NKMLKKDKI","HLA-B*08:01",2.475,1.007,"<=","I",9,TRUE,"PTEN","TCGA-06-0875-01A-01W-0424-08","p.M270I",0.621212121212121,9
"PFCEHLDQW","HLA-A*24:02",2.487,1.159,"<=","I",9,TRUE,"PTEN","TCGA-06-0216-01B-01D-1492-08","p.D107H",0.738095238095238,9
"HRNNIDDVV","HLA-C*07:02",2.493,1.937,"<=","I",9,TRUE,"PTEN","TCGA-06-0876-01A-01D-1492-08","p.Y46H",0.698630136986301,9
"HRNNIDDVV","HLA-C*07:02",2.493,1.937,"<=","I",9,TRUE,"PTEN","TCGA-06-0876-01A-01W-0424-08","p.Y46H",0.714285714285714,9
"GLALPQHLI","HLA-A*02:01",2.522,0.63,"<=","I",9,TRUE,"TP53","TCGA-06-2559-01A-01W-0837-08","p.P190L",0.473684210526316,9
"GLALPQHLI","HLA-A*02:01",2.522,0.63,"<=","I",9,TRUE,"TP53","TCGA-06-2559-01A-01D-1494-08","p.P190L",0.45679012345679,9
"ALDFYGEVK","HLA-A*01:01",2.646,1.678,"<=","I",9,TRUE,"PTEN","TCGA-06-0195-01B-01D-1491-08","p.R159K",0.794117647058823,9
"NQRPILTII","HLA-B*08:01",2.68,0.986,"<=","I",9,TRUE,"TP53","TCGA-02-2485-01A-01W-0837-08","p.R248Q",0.411530815109344,9
"NQRPILTII","HLA-B*08:01",2.68,0.986,"<=","I",9,TRUE,"TP53","TCGA-27-1830-01A-01D-1494-08","p.R248Q",0.571428571428571,9
"NQRPILTII","HLA-B*08:01",2.68,0.986,"<=","I",9,TRUE,"TP53","TCGA-06-0210-02A-01D-2280-08","p.R248Q",0.598039215686274,9
"GPNSFEVRV","HLA-B*07:02",2.729,0.827,"<=","I",9,TRUE,"TP53","TCGA-32-1970-01A-01D-1494-08","p.R267P",0.838709677419355,9
"GPNSFEVRV","HLA-B*07:02",2.729,0.827,"<=","I",9,TRUE,"TP53","TCGA-32-1970-01A-01W-0837-08","p.R267P",0.894736842105263,9
"KMLKKDKIF","HLA-A*24:02",2.752,1.451,"<=","I",9,TRUE,"PTEN","TCGA-06-0875-01A-01D-1492-08","p.M270I",0.583333333333333,9
"KMLKKDKIF","HLA-A*24:02",2.752,1.451,"<=","I",9,TRUE,"PTEN","TCGA-06-0875-01A-01W-0424-08","p.M270I",0.621212121212121,9
"AIYEQSQHM","HLA-C*07:02",2.897,1.43,"<=","I",9,TRUE,"TP53","TCGA-12-0619-01A-01D-1492-08","p.K164E",0.707692307692308,9
"KKDKIFHFW","HLA-B*44:02",2.904,0.816,"<=","I",9,TRUE,"PTEN","TCGA-06-0875-01A-01D-1492-08","p.M270I",0.583333333333333,9
"KKDKIFHFW","HLA-B*44:02",2.904,0.816,"<=","I",9,TRUE,"PTEN","TCGA-06-0875-01A-01W-0424-08","p.M270I",0.621212121212121,9
"HRRTEEENL","HLA-C*07:02",2.926,1.575,"<=","I",9,TRUE,"TP53","TCGA-06-2558-01A-01D-1494-08","p.D281H",0.654545454545455,9
"HRRTEEENL","HLA-C*07:02",2.926,1.575,"<=","I",9,TRUE,"TP53","TCGA-06-2558-01A-01W-0837-08","p.D281H",0.65359477124183,9
"LKKDKIFHF","HLA-B*08:01",2.951,0.547,"<=","I",9,TRUE,"PTEN","TCGA-06-0875-01A-01D-1492-08","p.M270I",0.583333333333333,9
"LKKDKIFHF","HLA-B*08:01",2.951,0.547,"<=","I",9,TRUE,"PTEN","TCGA-06-0875-01A-01W-0424-08","p.M270I",0.621212121212121,9
"VVMGENNTL","HLA-B*07:02",3,1.158,"<=","I",9,TRUE,"EGFR","TCGA-06-0125-01A-01D-1490-08","p.G598V",0.732858837485172,9
"VVMGENNTL","HLA-B*07:02",3,1.158,"<=","I",9,TRUE,"EGFR","TCGA-06-0125-02A-11D-2280-08","p.G598V",0.915113050376835,9
"VVMGENNTL","HLA-B*07:02",3,1.158,"<=","I",9,TRUE,"EGFR","TCGA-76-4931-01A-01D-1486-08","p.G598V",0.946738102741885,9
"VVMGENNTL","HLA-B*07:02",3,1.158,"<=","I",9,TRUE,"EGFR","TCGA-32-1982-01A-01W-0837-08","p.G598V",0.783627978478094,9
"VVMGENNTL","HLA-B*07:02",3,1.158,"<=","I",9,TRUE,"EGFR","TCGA-32-1982-01A-01D-1494-08","p.G598V",0.844346049046321,9
"HRRTEEENL","HLA-C*07:01",3.05,1.649,"<=","I",9,TRUE,"TP53","TCGA-06-2558-01A-01D-1494-08","p.D281H",0.654545454545455,9
"HRRTEEENL","HLA-C*07:01",3.05,1.649,"<=","I",9,TRUE,"TP53","TCGA-06-2558-01A-01W-0837-08","p.D281H",0.65359477124183,9
"AGKGRTDVM","HLA-B*07:02",3.054,1.97,"<=","I",9,TRUE,"PTEN","TCGA-06-0187-01A-01D-1491-08","p.G132D",0.607142857142857,9
"KMLKKDKIF","HLA-B*08:01",3.079,1.947,"<=","I",9,TRUE,"PTEN","TCGA-06-0875-01A-01D-1492-08","p.M270I",0.583333333333333,9
"KMLKKDKIF","HLA-B*08:01",3.079,1.947,"<=","I",9,TRUE,"PTEN","TCGA-06-0875-01A-01W-0424-08","p.M270I",0.621212121212121,9
"EVVRRCPHY","HLA-A*01:01",3.161,1.701,"<=","I",9,TRUE,"TP53","TCGA-16-0846-01A-01W-0424-08","p.H179Y",0.628205128205128,9
"EVVRRCPHY","HLA-A*01:01",3.161,1.701,"<=","I",9,TRUE,"TP53","TCGA-16-0846-01A-01D-1492-08","p.H179Y",0.573333333333333,9
"IAMEFPAER","HLA-C*07:02",3.162,1.494,"<=","I",9,TRUE,"PTEN","TCGA-06-0184-01A-01D-1491-08","p.G36E",0.413223140495868,9
"KTYQRSYGF","HLA-B*08:01",3.182,1.713,"<=","I",9,TRUE,"TP53","TCGA-14-1034-01A-01D-1492-08","p.G105R",0.433962264150943,9
"AIYEQSQHM","HLA-C*07:01",3.206,0.989,"<=","I",9,TRUE,"TP53","TCGA-12-0619-01A-01D-1492-08","p.K164E",0.707692307692308,9
"DDNHVAAIY","HLA-B*44:02",3.216,0.893,"<=","I",9,TRUE,"PTEN","TCGA-14-0813-01A-01D-1492-08","p.H123Y",0.510791366906475,9
"GYPTNGPKI","HLA-C*07:02",3.563,1.338,"<=","I",9,TRUE,"EGFR","TCGA-15-0742-01A-01W-0348-08","p.C636Y",0.964856230031949,9
"GYPTNGPKI","HLA-C*07:02",3.563,1.338,"<=","I",9,TRUE,"EGFR","TCGA-15-0742-01A-01D-1492-08","p.C636Y",0.953170028818444,9
"PPGNRVRAM","HLA-B*08:01",3.572,1.425,"<=","I",9,TRUE,"TP53","TCGA-06-2559-01A-01W-0837-08","p.T155N",0.444444444444444,9
"PPGNRVRAM","HLA-B*08:01",3.572,1.425,"<=","I",9,TRUE,"TP53","TCGA-06-2559-01A-01D-1494-08","p.T155N",0.410526315789474,9
"IAMEFPAER","HLA-A*03:01",3.6,1.829,"<=","I",9,TRUE,"PTEN","TCGA-06-0184-01A-01D-1491-08","p.G36E",0.413223140495868,9
"TDFGLAKQL","HLA-B*44:02",3.648,0.936,"<=","I",9,TRUE,"EGFR","TCGA-12-0657-01A-01W-0348-08","p.L861Q",0.455401387512389,9
"IAMEFPAER","HLA-C*07:01",3.71,1.672,"<=","I",9,TRUE,"PTEN","TCGA-06-0184-01A-01D-1491-08","p.G36E",0.413223140495868,9
"DDNHVAAIY","HLA-A*01:01",3.906,1.118,"<=","I",9,TRUE,"PTEN","TCGA-14-0813-01A-01D-1492-08","p.H123Y",0.510791366906475,9
"RLIRVEGNL","HLA-A*02:01",3.917,1.656,"<=","I",9,TRUE,"TP53","TCGA-12-0691-01A-01W-0348-08","p.H193R",0.779220779220779,9
"YPNIIAMEF","HLA-A*24:02",3.936,1.923,"<=","I",9,TRUE,"PTEN","TCGA-06-0184-01A-01D-1491-08","p.G36E",0.413223140495868,9
"PPGTRVPAM","HLA-B*08:01",3.964,1.326,"<=","I",9,TRUE,"TP53","TCGA-12-0773-01A-01W-0348-08","p.R158P",0.836363636363636,9
"ALPQHLIRV","HLA-A*24:02",4.058,1.78,"<=","I",9,TRUE,"TP53","TCGA-06-2559-01A-01W-0837-08","p.P190L",0.473684210526316,9
"ALPQHLIRV","HLA-A*24:02",4.058,1.78,"<=","I",9,TRUE,"TP53","TCGA-06-2559-01A-01D-1494-08","p.P190L",0.45679012345679,9
"TPILTIITL","HLA-B*08:01",4.206,0.307,"<=","I",9,TRUE,"TP53","TCGA-76-4925-01A-01D-1486-08","p.R249T",0.679245283018868,9
"FEEHNPPQL","HLA-B*44:02",4.232,0.97,"<=","I",9,TRUE,"PTEN","TCGA-06-0190-02A-01D-2280-08","p.D92E",0.488372093023256,9
"PFCEDLNQW","HLA-A*24:02",4.253,1.444,"<=","I",9,TRUE,"PTEN","TCGA-14-1034-01A-01D-1492-08","p.D109N",0.403100775193798,9
"AIYEQSQHM","HLA-A*02:01",4.262,0.697,"<=","I",9,TRUE,"TP53","TCGA-12-0619-01A-01D-1492-08","p.K164E",0.707692307692308,9
"VEVNLRVEY","HLA-C*07:02",4.315,1.7,"<=","I",9,TRUE,"TP53","TCGA-06-0152-02A-01D-2280-08","p.G199V",0.40506329113924,9
"VVMGENNTL","HLA-A*02:01",4.477,1.009,"<=","I",9,TRUE,"EGFR","TCGA-06-0125-01A-01D-1490-08","p.G598V",0.732858837485172,9
"VVMGENNTL","HLA-A*02:01",4.477,1.009,"<=","I",9,TRUE,"EGFR","TCGA-06-0125-02A-11D-2280-08","p.G598V",0.915113050376835,9
"VVMGENNTL","HLA-A*02:01",4.477,1.009,"<=","I",9,TRUE,"EGFR","TCGA-76-4931-01A-01D-1486-08","p.G598V",0.946738102741885,9
"VVMGENNTL","HLA-A*02:01",4.477,1.009,"<=","I",9,TRUE,"EGFR","TCGA-32-1982-01A-01W-0837-08","p.G598V",0.783627978478094,9
"VVMGENNTL","HLA-A*02:01",4.477,1.009,"<=","I",9,TRUE,"EGFR","TCGA-32-1982-01A-01D-1494-08","p.G598V",0.844346049046321,9
"KKDKIFHFW","HLA-A*24:02",4.548,1.278,"<=","I",9,TRUE,"PTEN","TCGA-06-0875-01A-01D-1492-08","p.M270I",0.583333333333333,9
"KKDKIFHFW","HLA-A*24:02",4.548,1.278,"<=","I",9,TRUE,"PTEN","TCGA-06-0875-01A-01W-0424-08","p.M270I",0.621212121212121,9
"KKDKIFHFW","HLA-C*07:01",4.675,1.372,"<=","I",9,TRUE,"PTEN","TCGA-06-0875-01A-01D-1492-08","p.M270I",0.583333333333333,9
"KKDKIFHFW","HLA-C*07:01",4.675,1.372,"<=","I",9,TRUE,"PTEN","TCGA-06-0875-01A-01W-0424-08","p.M270I",0.621212121212121,9
"QLGAEEKEY","HLA-A*01:01",4.723,1.115,"<=","I",9,TRUE,"EGFR","TCGA-12-0657-01A-01W-0348-08","p.L861Q",0.455401387512389,9
"APPQRLIRV","HLA-B*08:01",4.857,0.744,"<=","I",9,TRUE,"TP53","TCGA-12-0691-01A-01W-0348-08","p.H193R",0.779220779220779,9
"VVMGENNTL","HLA-C*07:01",5.168,1.743,"<=","I",9,TRUE,"EGFR","TCGA-06-0125-01A-01D-1490-08","p.G598V",0.732858837485172,9
"VVMGENNTL","HLA-C*07:01",5.168,1.743,"<=","I",9,TRUE,"EGFR","TCGA-06-0125-02A-11D-2280-08","p.G598V",0.915113050376835,9
"VVMGENNTL","HLA-C*07:01",5.168,1.743,"<=","I",9,TRUE,"EGFR","TCGA-76-4931-01A-01D-1486-08","p.G598V",0.946738102741885,9
"VVMGENNTL","HLA-C*07:01",5.168,1.743,"<=","I",9,TRUE,"EGFR","TCGA-32-1982-01A-01W-0837-08","p.G598V",0.783627978478094,9
"VVMGENNTL","HLA-C*07:01",5.168,1.743,"<=","I",9,TRUE,"EGFR","TCGA-32-1982-01A-01D-1494-08","p.G598V",0.844346049046321,9
"GLAPPQRLI","HLA-A*02:01",5.291,0.813,"<=","I",9,TRUE,"TP53","TCGA-12-0691-01A-01W-0348-08","p.H193R",0.779220779220779,9
"DPCPPLMLY","HLA-A*01:01",5.336,1.554,"<=","I",9,TRUE,"EGFR","TCGA-16-1045-01B-01D-1492-08","p.T263P",0.912097476066144,9
"DPCPPLMLY","HLA-A*01:01",5.336,1.554,"<=","I",9,TRUE,"EGFR","TCGA-16-1045-01B-01W-0611-08","p.T263P",0.932790224032587,9
"DPCPPLMLY","HLA-A*01:01",5.336,1.554,"<=","I",9,TRUE,"EGFR","TCGA-12-0670-01B-01W-0424-08","p.T263P",0.699148811270913,9
"KKDKIFHFW","HLA-C*07:02",5.457,1.543,"<=","I",9,TRUE,"PTEN","TCGA-06-0875-01A-01D-1492-08","p.M270I",0.583333333333333,9
"KKDKIFHFW","HLA-C*07:02",5.457,1.543,"<=","I",9,TRUE,"PTEN","TCGA-06-0875-01A-01W-0424-08","p.M270I",0.621212121212121,9
"HLIRVEVNL","HLA-B*08:01",5.677,0.816,"<=","I",9,TRUE,"TP53","TCGA-06-0152-02A-01D-2280-08","p.G199V",0.40506329113924,9
"AMEFPAERL","HLA-A*02:01",5.749,1.761,"<=","I",9,TRUE,"PTEN","TCGA-06-0184-01A-01D-1491-08","p.G36E",0.413223140495868,9
"MYFEFPQLL","HLA-B*08:01",5.77,1.085,"<=","I",9,TRUE,"PTEN","TCGA-06-0875-01A-01D-1492-08","p.P246L",0.66304347826087,9
"MYFEFPQLL","HLA-B*08:01",5.77,1.085,"<=","I",9,TRUE,"PTEN","TCGA-06-0875-01A-01W-0424-08","p.P246L",0.744318181818182,9
"LQIIKGNMY","HLA-A*01:01",6.791,1.678,"<=","I",9,TRUE,"EGFR","TCGA-27-1831-01A-01D-1494-08","p.R108K",0.430212397052449,9
"LQIIKGNMY","HLA-A*01:01",6.791,1.678,"<=","I",9,TRUE,"EGFR","TCGA-27-1831-01A-01W-0837-08","p.R108K",0.401110713006091,9
"LQIIKGNMY","HLA-A*01:01",6.791,1.678,"<=","I",9,TRUE,"EGFR","TCGA-06-2565-01A-01D-1494-08","p.R108K",0.94123556002009,9
"VEVNLRVEY","HLA-C*07:01",7.413,1.528,"<=","I",9,TRUE,"TP53","TCGA-06-0152-02A-01D-2280-08","p.G199V",0.40506329113924,9
"VEVNLRVEY","HLA-A*01:01",8.898,1.953,"<=","I",9,TRUE,"TP53","TCGA-06-0152-02A-01D-2280-08","p.G199V",0.40506329113924,9
"DGLALPQHL","HLA-B*08:01",10.543,1.247,"<=","I",9,TRUE,"TP53","TCGA-06-2559-01A-01W-0837-08","p.P190L",0.473684210526316,9
"DGLALPQHL","HLA-B*08:01",10.543,1.247,"<=","I",9,TRUE,"TP53","TCGA-06-2559-01A-01D-1494-08","p.P190L",0.45679012345679,9
"AIYEQSQHM","HLA-B*08:01",12.893,1.685,"<=","I",9,TRUE,"TP53","TCGA-12-0619-01A-01D-1492-08","p.K164E",0.707692307692308,9
"DGLAPPQRL","HLA-B*08:01",24.502,1.881,"<=","I",9,TRUE,"TP53","TCGA-12-0691-01A-01W-0348-08","p.H193R",0.779220779220779,9
"EHNPPQLEL","HLA-B*08:01",30.568,1.471,"<=","I",9,TRUE,"PTEN","TCGA-06-0190-02A-01D-2280-08","p.D92E",0.488372093023256,9
"RNTFRHSMVVPYEPP","HLA-DRB1_0901",495.19659304744,0.03,"","II",15,TRUE,"TP53","TCGA-02-0055-01A-01D-1490-08","p.V216M",0.59375,15
"RNTFRHSMVVPYEPP","HLA-DRB1_0901",495.19659304744,0.03,"","II",15,TRUE,"TP53","TCGA-27-1835-01A-01D-1494-08","p.V216M",0.743589743589744,15
"DRNTFRHSMVVPYEP","HLA-DRB1_0901",495.343768575391,0.06,"","II",15,TRUE,"TP53","TCGA-02-0055-01A-01D-1490-08","p.V216M",0.59375,15
"DRNTFRHSMVVPYEP","HLA-DRB1_0901",495.343768575391,0.06,"","II",15,TRUE,"TP53","TCGA-27-1835-01A-01D-1494-08","p.V216M",0.743589743589744,15
"LAVLFNYDANKTGLK","HLA-DRB1_0401",495.884161459883,0.17,"","II",15,TRUE,"EGFR","TCGA-14-1827-01A-01W-0643-08","p.S123F",0.973006134969325,15
"PSQKTYQRSYGFRLG","HLA-DRB1_0701",495.884161459883,0.17,"","II",15,TRUE,"TP53","TCGA-14-1034-01A-01D-1492-08","p.G105R",0.433962264150943,15
"SQKTYQRSYGFRLGF","HLA-DRB1_0701",495.982541414542,0.19,"","II",15,TRUE,"TP53","TCGA-14-1034-01A-01D-1492-08","p.G105R",0.433962264150943,15
"ITDFGLAKQLGAEEK","HLA-DRB1_0901",496.277915632754,0.25,"","II",15,TRUE,"EGFR","TCGA-12-0657-01A-01W-0348-08","p.L861Q",0.455401387512389,15
"DDRNTFRHSMVVPYE","HLA-DRB1_0901",496.425734710087,0.28,"","II",15,TRUE,"TP53","TCGA-02-0055-01A-01D-1490-08","p.V216M",0.59375,15
"DDRNTFRHSMVVPYE","HLA-DRB1_0901",496.425734710087,0.28,"","II",15,TRUE,"TP53","TCGA-27-1835-01A-01D-1494-08","p.V216M",0.743589743589744,15
"NTFRHSMVVPYEPPE","HLA-DRB1_0901",496.475027306127,0.29,"","II",15,TRUE,"TP53","TCGA-02-0055-01A-01D-1490-08","p.V216M",0.59375,15
"NTFRHSMVVPYEPPE","HLA-DRB1_0901",496.475027306127,0.29,"","II",15,TRUE,"TP53","TCGA-27-1835-01A-01D-1494-08","p.V216M",0.743589743589744,15
"QKTYQRSYGFRLGFL","HLA-DRB1_0701",496.622963845848,0.32,"","II",15,TRUE,"TP53","TCGA-14-1034-01A-01D-1492-08","p.G105R",0.433962264150943,15
"RNTFRHSMVVPYEPP","HLA-DRB1_0701",496.622963845848,0.32,"","II",15,TRUE,"TP53","TCGA-02-0055-01A-01D-1490-08","p.V216M",0.59375,15
"RNTFRHSMVVPYEPP","HLA-DRB1_0701",496.622963845848,0.32,"","II",15,TRUE,"TP53","TCGA-27-1835-01A-01D-1494-08","p.V216M",0.743589743589744,15
"PSQKTYQRSYGFRLG","HLA-DRB1_0901",497.215592680986,0.44,"","II",15,TRUE,"TP53","TCGA-14-1034-01A-01D-1492-08","p.G105R",0.433962264150943,15
"KITDFGLAKQLGAEE","HLA-DRB1_0901",497.265042267529,0.45,"","II",15,TRUE,"EGFR","TCGA-12-0657-01A-01W-0348-08","p.L861Q",0.455401387512389,15
"LAVLFNYDANKTGLK","HLA-DRB1_1501",497.314501690869,0.46,"","II",15,TRUE,"EGFR","TCGA-14-1827-01A-01W-0643-08","p.S123F",0.973006134969325,15
"SQKTYQRSYGFRLGF","HLA-DRB1_0901",497.363970953944,0.47,"","II",15,TRUE,"TP53","TCGA-14-1034-01A-01D-1492-08","p.G105R",0.433962264150943,15
"ALDFYGEVSTRDKKG","HLA-DRB1_0401",497.462939011044,0.49,"","II",15,TRUE,"PTEN","TCGA-06-2559-01A-01W-0837-08","p.R159S",0.662921348314607,15
"ALDFYGEVSTRDKKG","HLA-DRB1_0401",497.462939011044,0.49,"","II",15,TRUE,"PTEN","TCGA-06-2559-01A-01D-1494-08","p.R159S",0.64,15
"FRHSMVVPYEPPEVG","HLA-DRB1_1501",497.462939011044,0.49,"","II",15,TRUE,"TP53","TCGA-02-0055-01A-01D-1490-08","p.V216M",0.59375,15
"FRHSMVVPYEPPEVG","HLA-DRB1_1501",497.462939011044,0.49,"","II",15,TRUE,"TP53","TCGA-27-1835-01A-01D-1494-08","p.V216M",0.743589743589744,15
"DRNTFRHSMVVPYEP","HLA-DRB1_0701",497.512437810945,0.5,"","II",15,TRUE,"TP53","TCGA-02-0055-01A-01D-1490-08","p.V216M",0.59375,15
"DRNTFRHSMVVPYEP","HLA-DRB1_0701",497.512437810945,0.5,"","II",15,TRUE,"TP53","TCGA-27-1835-01A-01D-1494-08","p.V216M",0.743589743589744,15
"ALAVLFNYDANKTGL","HLA-DRB1_0401",498.653635185,0.73,"","II",15,TRUE,"EGFR","TCGA-14-1827-01A-01W-0643-08","p.S123F",0.973006134969325,15
"QEALDFYGEVKTRDK","HLA-DRB1_1501",498.70337123479,0.74,"","II",15,TRUE,"PTEN","TCGA-06-0195-01B-01D-1491-08","p.R159K",0.794117647058823,15
"EALDFYGEVSTRDKK","HLA-DRB1_0401",498.753117206983,0.75,"","II",15,TRUE,"PTEN","TCGA-06-2559-01A-01W-0837-08","p.R159S",0.662921348314607,15
"EALDFYGEVSTRDKK","HLA-DRB1_0401",498.753117206983,0.75,"","II",15,TRUE,"PTEN","TCGA-06-2559-01A-01D-1494-08","p.R159S",0.64,15
"VPSQKTYQRSYGFRL","HLA-DRB1_0701",499.201277955272,0.84,"","II",15,TRUE,"TP53","TCGA-14-1034-01A-01D-1492-08","p.G105R",0.433962264150943,15
"ALAVLFNYDANKTGL","HLA-DRB1_1501",499.201277955272,0.84,"","II",15,TRUE,"EGFR","TCGA-14-1827-01A-01W-0643-08","p.S123F",0.973006134969325,15
"QKTYQRSYGFRLGFL","HLA-DRB1_0901",499.201277955272,0.84,"","II",15,TRUE,"TP53","TCGA-14-1034-01A-01D-1492-08","p.G105R",0.433962264150943,15
"TDFGLAKQLGAEEKE","HLA-DRB1_0901",499.900019996001,0.98,"","II",15,TRUE,"EGFR","TCGA-12-0657-01A-01W-0348-08","p.L861Q",0.455401387512389,15
"VKITDFGLAKQLGAE","HLA-DRB1_0901",500.150045013504,1.03,"","II",15,TRUE,"EGFR","TCGA-12-0657-01A-01W-0348-08","p.L861Q",0.455401387512389,15
"DDRNTFRHSMVVPYE","HLA-DRB1_0701",500.300180108065,1.06,"","II",15,TRUE,"TP53","TCGA-02-0055-01A-01D-1490-08","p.V216M",0.59375,15
"DDRNTFRHSMVVPYE","HLA-DRB1_0701",500.300180108065,1.06,"","II",15,TRUE,"TP53","TCGA-27-1835-01A-01D-1494-08","p.V216M",0.743589743589744,15
"ALDFYGEVKTRDKKG","HLA-DRB1_1101",500.400320256205,1.08,"","II",15,TRUE,"PTEN","TCGA-06-0195-01B-01D-1491-08","p.R159K",0.794117647058823,15
"GPGLEGYPTNGPKIP","HLA-DRB1_1501",500.450405364828,1.09,"","II",15,TRUE,"EGFR","TCGA-15-0742-01A-01W-0348-08","p.C636Y",0.964856230031949,15
"GPGLEGYPTNGPKIP","HLA-DRB1_1501",500.450405364828,1.09,"","II",15,TRUE,"EGFR","TCGA-15-0742-01A-01D-1492-08","p.C636Y",0.953170028818444,15
"YALAVLFNYDANKTG","HLA-DRB1_1501",500.600720865038,1.12,"","II",15,TRUE,"EGFR","TCGA-14-1827-01A-01W-0643-08","p.S123F",0.973006134969325,15
"NTFRHSMVVPYEPPE","HLA-DRB1_0701",500.901622921258,1.18,"","II",15,TRUE,"TP53","TCGA-02-0055-01A-01D-1490-08","p.V216M",0.59375,15
"NTFRHSMVVPYEPPE","HLA-DRB1_0701",500.901622921258,1.18,"","II",15,TRUE,"TP53","TCGA-27-1835-01A-01D-1494-08","p.V216M",0.743589743589744,15
"NTFRHSVVVPCEPPE","HLA-DRB1_0901",501.605136436597,1.32,"","II",15,TRUE,"TP53","TCGA-06-1087-01A-02W-0611-08","p.Y220C",0.422442244224422,15
"NKMLKKDKIFHFWVN","HLA-DRB1_0301",501.756146512795,1.35,"","II",15,TRUE,"PTEN","TCGA-06-0875-01A-01D-1492-08","p.M270I",0.583333333333333,15
"NKMLKKDKIFHFWVN","HLA-DRB1_0301",501.756146512795,1.35,"","II",15,TRUE,"PTEN","TCGA-06-0875-01A-01W-0424-08","p.M270I",0.621212121212121,15
"NTFRHSVVVPCEPPE","HLA-DRB1_0701",501.756146512795,1.35,"","II",15,TRUE,"TP53","TCGA-06-1087-01A-02W-0611-08","p.Y220C",0.422442244224422,15
"TGPGLEGYPTNGPKI","HLA-DRB1_1501",502.05843960237,1.41,"","II",15,TRUE,"EGFR","TCGA-15-0742-01A-01W-0348-08","p.C636Y",0.964856230031949,15
"TGPGLEGYPTNGPKI","HLA-DRB1_1501",502.05843960237,1.41,"","II",15,TRUE,"EGFR","TCGA-15-0742-01A-01D-1492-08","p.C636Y",0.953170028818444,15
"QEALDFYGEVSTRDK","HLA-DRB1_1501",502.159284925178,1.43,"","II",15,TRUE,"PTEN","TCGA-06-2559-01A-01W-0837-08","p.R159S",0.662921348314607,15
"QEALDFYGEVSTRDK","HLA-DRB1_1501",502.159284925178,1.43,"","II",15,TRUE,"PTEN","TCGA-06-2559-01A-01D-1494-08","p.R159S",0.64,15
"EALDFYGEVKTRDKK","HLA-DRB1_1101",502.260170768458,1.45,"","II",15,TRUE,"PTEN","TCGA-06-0195-01B-01D-1491-08","p.R159K",0.794117647058823,15
"LDFYGEVSTRDKKGV","HLA-DRB1_0401",502.866338127326,1.57,"","II",15,TRUE,"PTEN","TCGA-06-2559-01A-01W-0837-08","p.R159S",0.662921348314607,15
"LDFYGEVSTRDKKGV","HLA-DRB1_0401",502.866338127326,1.57,"","II",15,TRUE,"PTEN","TCGA-06-2559-01A-01D-1494-08","p.R159S",0.64,15
"PVQLWVDSTPSPGTR","HLA-DRB1_0401",502.967508298964,1.59,"","II",15,TRUE,"TP53","TCGA-76-4929-01A-01D-1486-08","p.P152S",0.427083333333333,15
"AERLEGVHRNNIDDV","HLA-DRB1_1301",503.068719187041,1.61,"","II",15,TRUE,"PTEN","TCGA-06-0876-01A-01D-1492-08","p.Y46H",0.698630136986301,15
"AERLEGVHRNNIDDV","HLA-DRB1_1301",503.068719187041,1.61,"","II",15,TRUE,"PTEN","TCGA-06-0876-01A-01W-0424-08","p.Y46H",0.714285714285714,15
"PQHLIRVEVNLRVEY","HLA-DRB1_1501",503.220611916264,1.64,"","II",15,TRUE,"TP53","TCGA-06-0152-02A-01D-2280-08","p.G199V",0.40506329113924,15
"KTYQRSYGFRLGFLH","HLA-DRB1_0701",503.271263210871,1.65,"","II",15,TRUE,"TP53","TCGA-14-1034-01A-01D-1492-08","p.G105R",0.433962264150943,15
"FETILMFSGGTCNPQ","HLA-DRB1_1501",503.32192470304,1.66,"","II",15,TRUE,"PTEN","TCGA-06-5418-01A-01D-1486-08","p.P204L",0.524229074889868,15
"SQKTYQRSYGFRLGF","HLA-DRB1_0101",503.473970395731,1.69,"","II",15,TRUE,"TP53","TCGA-14-1034-01A-01D-1492-08","p.G105R",0.433962264150943,15
"QNKMLKKDKIFHFWV","HLA-DRB1_0301",503.829101168884,1.76,"","II",15,TRUE,"PTEN","TCGA-06-0875-01A-01D-1492-08","p.M270I",0.583333333333333,15
"QNKMLKKDKIFHFWV","HLA-DRB1_0301",503.829101168884,1.76,"","II",15,TRUE,"PTEN","TCGA-06-0875-01A-01W-0424-08","p.M270I",0.621212121212121,15
"PAERLEGVHRNNIDD","HLA-DRB1_1301",503.930659141302,1.78,"","II",15,TRUE,"PTEN","TCGA-06-0876-01A-01D-1492-08","p.Y46H",0.698630136986301,15
"PAERLEGVHRNNIDD","HLA-DRB1_1301",503.930659141302,1.78,"","II",15,TRUE,"PTEN","TCGA-06-0876-01A-01W-0424-08","p.Y46H",0.714285714285714,15
"PNIIAMEFPAERLEG","HLA-DRB1_0301",504.133897963299,1.82,"","II",15,TRUE,"PTEN","TCGA-06-0184-01A-01D-1491-08","p.G36E",0.413223140495868,15
"QHLIRVEVNLRVEYL","HLA-DRB1_1501",504.846526655897,1.96,"","II",15,TRUE,"TP53","TCGA-06-0152-02A-01D-2280-08","p.G199V",0.40506329113924,15
